4	100	8	4.2377097606658936	(Cat,(Dog,(Pig,(Dolphin,(Cow,(Alpaca,(Horse,(Megabat,(Microbat,(Shrew,(Hedgehog,(Bushbaby,(Tarsier,(Marmoset,(Macaque,(Orangutan,(Gorilla,(Human,(Chimp,(Mouse,(Rat,(Squirrel,(Rabbit,(Pika,(Sloth,(Armadillo,(Tenrec,(Hyrax,(Elephant,(Platypus,Wallaby))))))))))))))))))))))))))))));
4	250	8	4.084033489227295	(Cat,(Dog,(Pig,(Dolphin,(Cow,(Alpaca,(Horse,(Megabat,(Microbat,(Shrew,(Hedgehog,(Bushbaby,(Tarsier,(Marmoset,(Macaque,(Orangutan,(Gorilla,(Human,(Chimp,(Mouse,(Rat,(Squirrel,(Rabbit,(Pika,(Sloth,(Armadillo,(Tenrec,(Hyrax,(Elephant,(Platypus,Wallaby))))))))))))))))))))))))))))));
4	500	8	4.0288474559783936	(Cat,(Dog,(Pig,(Dolphin,(Cow,(Alpaca,(Horse,(Megabat,(Microbat,(Shrew,(Hedgehog,(Bushbaby,(Tarsier,(Marmoset,(Macaque,(Orangutan,(Gorilla,(Human,(Chimp,(Mouse,(Rat,(Squirrel,(Rabbit,(Pika,(Sloth,(Armadillo,(Tenrec,(Hyrax,(Elephant,(Platypus,Wallaby))))))))))))))))))))))))))))));
4	750	8	4.448108911514282	(Cat,(Dog,(Pig,(Dolphin,(Cow,(Alpaca,(Horse,(Megabat,(Microbat,(Shrew,(Hedgehog,(Bushbaby,(Tarsier,(Marmoset,(Macaque,(Orangutan,(Gorilla,(Human,(Chimp,(Mouse,(Rat,(Squirrel,(Rabbit,(Pika,(Sloth,(Armadillo,(Tenrec,(Hyrax,(Elephant,(Platypus,Wallaby))))))))))))))))))))))))))))));
4	1000	8	4.68632173538208	(Cat,(Dog,(Pig,(Dolphin,(Cow,(Alpaca,(Horse,(Megabat,(Microbat,(Shrew,(Hedgehog,(Bushbaby,(Tarsier,(Marmoset,(Macaque,(Orangutan,(Gorilla,(Human,(Chimp,(Mouse,(Rat,(Squirrel,(Rabbit,(Pika,(Sloth,(Armadillo,(Tenrec,(Hyrax,(Elephant,(Platypus,Wallaby))))))))))))))))))))))))))))));
4	2500	8	4.10719108581543	(Cat,(Dog,(Pig,(Dolphin,(Cow,(Alpaca,(Horse,(Megabat,(Microbat,(Shrew,(Hedgehog,(Bushbaby,(Tarsier,(Marmoset,(Macaque,(Orangutan,(Gorilla,(Human,(Chimp,(Mouse,(Rat,(Squirrel,(Rabbit,(Pika,(Sloth,(Armadillo,(Tenrec,(Hyrax,(Elephant,(Platypus,Wallaby))))))))))))))))))))))))))))));
4	5000	8	4.025881767272949	(Cat,(Dog,(Pig,(Dolphin,(Cow,(Alpaca,(Horse,(Megabat,(Microbat,(Shrew,(Hedgehog,(Bushbaby,(Tarsier,(Marmoset,(Macaque,(Orangutan,(Gorilla,(Human,(Chimp,(Mouse,(Rat,(Squirrel,(Rabbit,(Pika,(Sloth,(Armadillo,(Tenrec,(Hyrax,(Elephant,(Platypus,Wallaby))))))))))))))))))))))))))))));
4	7500	8	3.950795888900757	(Cat,(Dog,(Pig,(Dolphin,(Cow,(Alpaca,(Horse,(Megabat,(Microbat,(Shrew,(Hedgehog,(Bushbaby,(Tarsier,(Marmoset,(Macaque,(Orangutan,(Gorilla,(Human,(Chimp,(Mouse,(Rat,(Squirrel,(Rabbit,(Pika,(Sloth,(Armadillo,(Tenrec,(Hyrax,(Elephant,(Platypus,Wallaby))))))))))))))))))))))))))))));
4	10000	8	3.9870100021362305	(Cat,(Dog,(Pig,(Dolphin,(Cow,(Alpaca,(Horse,(Megabat,(Microbat,(Shrew,(Hedgehog,(Bushbaby,(Tarsier,(Marmoset,(Macaque,(Orangutan,(Gorilla,(Human,(Chimp,(Mouse,(Rat,(Squirrel,(Rabbit,(Pika,(Sloth,(Armadillo,(Tenrec,(Hyrax,(Elephant,(Platypus,Wallaby))))))))))))))))))))))))))))));
4	25000	8	4.150634050369263	(Cat,(Dog,(Pig,(Dolphin,(Cow,(Alpaca,(Horse,(Megabat,(Microbat,(Shrew,(Hedgehog,(Bushbaby,(Tarsier,(Marmoset,(Macaque,(Orangutan,(Gorilla,(Human,(Chimp,(Mouse,(Rat,(Squirrel,(Rabbit,(Pika,(Sloth,(Armadillo,(Tenrec,(Hyrax,(Elephant,(Platypus,Wallaby))))))))))))))))))))))))))))));
4	50000	8	3.9891650676727295	(Cat,(Dog,(Pig,(Dolphin,(Cow,(Alpaca,(Horse,(Megabat,(Microbat,(Shrew,(Hedgehog,(Bushbaby,(Tarsier,(Marmoset,(Macaque,(Orangutan,(Gorilla,(Human,(Chimp,(Mouse,(Rat,(Squirrel,(Rabbit,(Pika,(Sloth,(Armadillo,(Tenrec,(Hyrax,(Elephant,(Platypus,Wallaby))))))))))))))))))))))))))))));
4	75000	8	3.935871124267578	(Cat,(Dog,(Pig,(Dolphin,(Cow,(Alpaca,(Horse,(Megabat,(Microbat,(Shrew,(Hedgehog,(Bushbaby,(Tarsier,(Marmoset,(Macaque,(Orangutan,(Gorilla,(Human,(Chimp,(Mouse,(Rat,(Squirrel,(Rabbit,(Pika,(Sloth,(Armadillo,(Tenrec,(Hyrax,(Elephant,(Platypus,Wallaby))))))))))))))))))))))))))))));
4	100000	8	3.957610845565796	(Cat,(Dog,(Pig,(Dolphin,(Cow,(Alpaca,(Horse,(Megabat,(Microbat,(Shrew,(Hedgehog,(Bushbaby,(Tarsier,(Marmoset,(Macaque,(Orangutan,(Gorilla,(Human,(Chimp,(Mouse,(Rat,(Squirrel,(Rabbit,(Pika,(Sloth,(Armadillo,(Tenrec,(Hyrax,(Elephant,(Platypus,Wallaby))))))))))))))))))))))))))))));
5	100	8	3.8961119651794434	(Cat,(Dog,(Pig,(Dolphin,(Cow,(Alpaca,(Horse,(Megabat,(Microbat,(Shrew,(Hedgehog,(Bushbaby,(Tarsier,(Marmoset,(Macaque,(Orangutan,(Gorilla,(Human,(Chimp,(Mouse,(Rat,(Squirrel,(Rabbit,(Pika,(Sloth,(Armadillo,(Tenrec,(Hyrax,(Elephant,(Platypus,Wallaby))))))))))))))))))))))))))))));
5	250	8	3.9576663970947266	(Cat,(Dog,(Pig,(Dolphin,(Cow,(Alpaca,(Horse,(Megabat,(Microbat,(Shrew,(Hedgehog,(Bushbaby,(Tarsier,(Marmoset,(Macaque,(Orangutan,(Gorilla,(Human,(Chimp,(Mouse,(Rat,(Squirrel,(Rabbit,(Pika,(Sloth,(Armadillo,(Tenrec,(Hyrax,(Elephant,(Platypus,Wallaby))))))))))))))))))))))))))))));
5	500	8	3.9412896633148193	(Cat,(Dog,(Pig,(Dolphin,(Cow,(Alpaca,(Horse,(Megabat,(Microbat,(Shrew,(Hedgehog,(Bushbaby,(Tarsier,(Marmoset,(Macaque,(Orangutan,(Gorilla,(Human,(Chimp,(Mouse,(Rat,(Squirrel,(Rabbit,(Pika,(Sloth,(Armadillo,(Tenrec,(Hyrax,(Elephant,(Platypus,Wallaby))))))))))))))))))))))))))))));
5	750	8	4.00463080406189	(Cat,(Dog,(Pig,(Dolphin,(Cow,(Alpaca,(Horse,(Megabat,(Microbat,(Shrew,(Hedgehog,(Bushbaby,(Tarsier,(Marmoset,(Macaque,(Orangutan,(Gorilla,(Human,(Chimp,(Mouse,(Rat,(Squirrel,(Rabbit,(Pika,(Sloth,(Armadillo,(Tenrec,(Hyrax,(Elephant,(Platypus,Wallaby))))))))))))))))))))))))))))));
5	1000	8	3.9743690490722656	(Cat,(Dog,(Pig,(Dolphin,(Cow,(Alpaca,(Horse,(Megabat,(Microbat,(Shrew,(Hedgehog,(Bushbaby,(Tarsier,(Marmoset,(Macaque,(Orangutan,(Gorilla,(Human,(Chimp,(Mouse,(Rat,(Squirrel,(Rabbit,(Pika,(Sloth,(Armadillo,(Tenrec,(Hyrax,(Elephant,(Platypus,Wallaby))))))))))))))))))))))))))))));
5	2500	8	4.880347013473511	(Cat,(Dog,(Pig,(Dolphin,(Cow,(Alpaca,(Horse,(Megabat,(Microbat,(Shrew,(Hedgehog,(Bushbaby,(Tarsier,(Marmoset,(Macaque,(Orangutan,(Gorilla,(Human,(Chimp,(Mouse,(Rat,(Squirrel,(Rabbit,(Pika,(Sloth,(Armadillo,(Tenrec,(Hyrax,(Elephant,(Platypus,Wallaby))))))))))))))))))))))))))))));
5	5000	8	4.135815620422363	(Cat,(Dog,(Pig,(Dolphin,(Cow,(Alpaca,(Horse,(Megabat,(Microbat,(Shrew,(Hedgehog,(Bushbaby,(Tarsier,(Marmoset,(Macaque,(Orangutan,(Gorilla,(Human,(Chimp,(Mouse,(Rat,(Squirrel,(Rabbit,(Pika,(Sloth,(Armadillo,(Tenrec,(Hyrax,(Elephant,(Platypus,Wallaby))))))))))))))))))))))))))))));
5	7500	8	4.019180536270142	(Cat,(Dog,(Pig,(Dolphin,(Cow,(Alpaca,(Horse,(Megabat,(Microbat,(Shrew,(Hedgehog,(Bushbaby,(Tarsier,(Marmoset,(Macaque,(Orangutan,(Gorilla,(Human,(Chimp,(Mouse,(Rat,(Squirrel,(Rabbit,(Pika,(Sloth,(Armadillo,(Tenrec,(Hyrax,(Elephant,(Platypus,Wallaby))))))))))))))))))))))))))))));
5	10000	8	4.112564325332642	(Cat,(Dog,(Pig,(Dolphin,(Cow,(Alpaca,(Horse,(Megabat,(Microbat,(Shrew,(Hedgehog,(Bushbaby,(Tarsier,(Marmoset,(Macaque,(Orangutan,(Gorilla,(Human,(Chimp,(Mouse,(Rat,(Squirrel,(Rabbit,(Pika,(Sloth,(Armadillo,(Tenrec,(Hyrax,(Elephant,(Platypus,Wallaby))))))))))))))))))))))))))))));
5	25000	8	4.171600341796875	(Cat,(Dog,(Pig,(Dolphin,(Cow,(Alpaca,(Horse,(Megabat,(Microbat,(Shrew,(Hedgehog,(Bushbaby,(Tarsier,(Marmoset,(Macaque,(Orangutan,(Gorilla,(Human,(Chimp,(Mouse,(Rat,(Squirrel,(Rabbit,(Pika,(Sloth,(Armadillo,(Tenrec,(Hyrax,(Elephant,(Platypus,Wallaby))))))))))))))))))))))))))))));
5	50000	8	3.9714150428771973	(Cat,(Dog,(Pig,(Dolphin,(Cow,(Alpaca,(Horse,(Megabat,(Microbat,(Shrew,(Hedgehog,(Bushbaby,(Tarsier,(Marmoset,(Macaque,(Orangutan,(Gorilla,(Human,(Chimp,(Mouse,(Rat,(Squirrel,(Rabbit,(Pika,(Sloth,(Armadillo,(Tenrec,(Hyrax,(Elephant,(Platypus,Wallaby))))))))))))))))))))))))))))));
5	75000	8	4.000338315963745	(Cat,(Dog,(Pig,(Dolphin,(Cow,(Alpaca,(Horse,(Megabat,(Microbat,(Shrew,(Hedgehog,(Bushbaby,(Tarsier,(Marmoset,(Macaque,(Orangutan,(Gorilla,(Human,(Chimp,(Mouse,(Rat,(Squirrel,(Rabbit,(Pika,(Sloth,(Armadillo,(Tenrec,(Hyrax,(Elephant,(Platypus,Wallaby))))))))))))))))))))))))))))));
5	100000	8	4.068085670471191	(Cat,(Dog,(Pig,(Dolphin,(Cow,(Alpaca,(Horse,(Megabat,(Microbat,(Shrew,(Hedgehog,(Bushbaby,(Tarsier,(Marmoset,(Macaque,(Orangutan,(Gorilla,(Human,(Chimp,(Mouse,(Rat,(Squirrel,(Rabbit,(Pika,(Sloth,(Armadillo,(Tenrec,(Hyrax,(Elephant,(Platypus,Wallaby))))))))))))))))))))))))))))));
6	100	8	4.093605995178223	(Cat,(Dog,(Pig,(Dolphin,(Cow,(Alpaca,(Horse,(Megabat,(Microbat,(Shrew,(Hedgehog,(Bushbaby,(Tarsier,(Marmoset,(Macaque,(Orangutan,(Gorilla,(Human,(Chimp,(Mouse,(Rat,(Squirrel,(Rabbit,(Pika,(Sloth,(Armadillo,(Tenrec,(Hyrax,(Elephant,(Platypus,Wallaby))))))))))))))))))))))))))))));
6	250	8	4.074373006820679	(Horse,(Cat,(Dog,(Pig,(Dolphin,(Cow,(Alpaca,(Megabat,(Microbat,(Shrew,(Hedgehog,(Bushbaby,(Tarsier,(Marmoset,(Macaque,(Orangutan,(Gorilla,(Human,(Chimp,(Mouse,(Rat,(Squirrel,(Rabbit,(Pika,(Sloth,(Armadillo,(Tenrec,(Hyrax,(Elephant,(Platypus,Wallaby))))))))))))))))))))))))))))));
6	500	8	4.136301279067993	(Horse,(Sloth,(Cat,(Dog,(Pig,(Dolphin,(Cow,(Alpaca,(Megabat,(Microbat,(Shrew,(Hedgehog,(Bushbaby,(Tarsier,(Marmoset,(Macaque,(Orangutan,(Gorilla,(Human,(Chimp,(Mouse,(Rat,(Squirrel,(Rabbit,(Pika,(Armadillo,(Tenrec,(Hyrax,(Elephant,(Platypus,Wallaby))))))))))))))))))))))))))))));
6	750	8	4.061798810958862	(Horse,(Sloth,(Cat,(Dog,(Pig,(Dolphin,(Cow,(Alpaca,(Megabat,(Microbat,(Shrew,(Hedgehog,(Bushbaby,(Tarsier,(Marmoset,(Macaque,(Orangutan,(Gorilla,(Human,(Chimp,(Mouse,(Rat,(Squirrel,(Rabbit,(Pika,(Armadillo,(Tenrec,(Hyrax,(Elephant,(Platypus,Wallaby))))))))))))))))))))))))))))));
6	1000	8	4.046265363693237	((Marmoset,Alpaca),((Wallaby,Sloth),(Horse,(Tenrec,(Cat,(Dog,(Pig,(Dolphin,(Cow,(Megabat,(Microbat,(Shrew,(Hedgehog,(Bushbaby,(Tarsier,(Macaque,(Orangutan,(Gorilla,(Human,(Chimp,(Mouse,(Rat,(Squirrel,(Rabbit,(Pika,(Armadillo,(Hyrax,(Platypus,Elephant))))))))))))))))))))))))))));
6	2500	8	4.198445558547974	((Wallaby,Sloth),(Squirrel,((Marmoset,Alpaca),(Horse,(Tenrec,(Hyrax,(Cat,(Dog,(Pig,(Dolphin,(Cow,(Megabat,(Microbat,(Shrew,(Hedgehog,(Bushbaby,(Tarsier,(Macaque,(Orangutan,(Gorilla,(Human,(Chimp,(Mouse,(Rat,(Rabbit,(Pika,(Armadillo,(Platypus,Elephant))))))))))))))))))))))))))));
6	5000	8	4.3241801261901855	((Squirrel,(Hedgehog,((Marmoset,Alpaca),(Horse,(Pika,(Tenrec,(Hyrax,(Cat,(Dog,(Pig,(Dolphin,(Cow,(Megabat,(Microbat,(Shrew,(Bushbaby,(Tarsier,(Macaque,(Orangutan,(Gorilla,(Human,(Chimp,(Mouse,(Rat,(Rabbit,(Armadillo,(Platypus,Elephant))))))))))))))))))))))))))),(Wallaby,Sloth));
6	7500	8	4.472481727600098	((Squirrel,(Hedgehog,((Marmoset,Alpaca),(Horse,(Pika,(Tenrec,(Hyrax,(Cat,(Dog,(Pig,(Dolphin,(Cow,(Megabat,(Microbat,(Shrew,(Bushbaby,(Tarsier,(Macaque,(Orangutan,(Gorilla,(Human,(Chimp,(Mouse,(Rat,(Rabbit,(Armadillo,(Platypus,Elephant))))))))))))))))))))))))))),(Wallaby,Sloth));
6	10000	8	4.1822240352630615	((Squirrel,(Hedgehog,((Marmoset,Alpaca),(Horse,(Pika,(Tenrec,(Hyrax,(Cat,(Dog,(Pig,(Dolphin,(Cow,(Megabat,(Microbat,(Shrew,(Bushbaby,(Tarsier,(Macaque,(Orangutan,(Gorilla,(Human,(Chimp,(Mouse,(Rat,(Rabbit,(Armadillo,(Platypus,Elephant))))))))))))))))))))))))))),(Wallaby,Sloth));
6	25000	8	4.151824712753296	((Squirrel,(Hedgehog,((Marmoset,Alpaca),(Horse,(Pika,(Tenrec,(Hyrax,(Cat,(Dog,(Pig,(Dolphin,(Cow,(Megabat,(Microbat,(Shrew,(Bushbaby,(Tarsier,(Macaque,(Orangutan,(Gorilla,(Human,(Chimp,(Mouse,(Rat,(Rabbit,(Armadillo,(Platypus,Elephant))))))))))))))))))))))))))),(Wallaby,Sloth));
6	50000	8	4.163990020751953	((Squirrel,(Hedgehog,((Marmoset,Alpaca),(Horse,(Pika,(Tenrec,(Hyrax,(Cat,(Dog,(Pig,(Dolphin,(Cow,(Megabat,(Microbat,(Shrew,(Bushbaby,(Tarsier,(Macaque,(Orangutan,(Gorilla,(Human,(Chimp,(Mouse,(Rat,(Rabbit,(Armadillo,(Platypus,Elephant))))))))))))))))))))))))))),(Wallaby,Sloth));
6	75000	8	4.213173151016235	((Squirrel,(Hedgehog,((Marmoset,Alpaca),(Horse,(Pika,(Tenrec,(Hyrax,(Cat,(Dog,(Pig,(Dolphin,(Cow,(Megabat,(Microbat,(Shrew,(Bushbaby,(Tarsier,(Macaque,(Orangutan,(Gorilla,(Human,(Chimp,(Mouse,(Rat,(Rabbit,(Armadillo,(Platypus,Elephant))))))))))))))))))))))))))),(Wallaby,Sloth));
6	100000	8	4.155531644821167	((Squirrel,(Hedgehog,((Marmoset,Alpaca),(Horse,(Pika,(Tenrec,(Hyrax,(Cat,(Dog,(Pig,(Dolphin,(Cow,(Megabat,(Microbat,(Shrew,(Bushbaby,(Tarsier,(Macaque,(Orangutan,(Gorilla,(Human,(Chimp,(Mouse,(Rat,(Rabbit,(Armadillo,(Platypus,Elephant))))))))))))))))))))))))))),(Wallaby,Sloth));
7	100	8	4.051084041595459	(Mouse,(Sloth,(Hedgehog,(Dolphin,(Cow,((Armadillo,Alpaca),((Tenrec,Squirrel),((Bushbaby,(Rat,Macaque)),((Cat,(Dog,(Platypus,Tarsier))),(Hyrax,(Elephant,(Wallaby,(Pig,(Horse,(Megabat,(Microbat,(Shrew,(Marmoset,(Orangutan,(Gorilla,(Human,(Chimp,(Pika,Rabbit)))))))))))))))))))))));
7	250	8	4.033607721328735	(Mouse,(Hedgehog,(Sloth,(Armadillo,(Dolphin,(Alpaca,((Elephant,Cow),((Tenrec,Squirrel),((Wallaby,Bushbaby),(Rat,(Shrew,(Hyrax,((Orangutan,(Macaque,(Pika,(Chimp,(Human,Gorilla))))),((Marmoset,(Pig,(Microbat,Horse))),(((Dog,Cat),(Platypus,Tarsier)),(Rabbit,Megabat))))))))))))))));
7	500	8	3.889801263809204	(Sloth,(Hedgehog,(Squirrel,(Mouse,(Wallaby,(Armadillo,(Shrew,((Elephant,Cow),(((Orangutan,(Gorilla,(Chimp,Human))),((Tenrec,Bushbaby),(Rabbit,(Rat,((Pika,Macaque),(Hyrax,(Marmoset,(Megabat,(Platypus,((Dog,Cat),(Pig,(Microbat,Horse)))))))))))),(Dolphin,(Tarsier,Alpaca)))))))))));
7	750	8	4.102148532867432	(Hedgehog,(Sloth,(Wallaby,(Squirrel,(Mouse,(Armadillo,((Orangutan,(Macaque,(Gorilla,(Chimp,Human)))),(Shrew,(Rabbit,((Tarsier,Alpaca),((Elephant,Cow),(Tenrec,(Dolphin,(Bushbaby,(Rat,(Marmoset,(Hyrax,(Megabat,(Microbat,(Pika,((Horse,Pig),(Platypus,(Dog,Cat)))))))))))))))))))))));
7	1000	8	3.989675760269165	(Sloth,(Wallaby,(Hedgehog,(Alpaca,(Mouse,((Tenrec,Squirrel),(Hyrax,(Rabbit,(Armadillo,(Shrew,((Orangutan,(Macaque,(Gorilla,(Chimp,Human)))),(Bushbaby,((Elephant,Cow),(Dolphin,(Microbat,(Pika,(Megabat,((Tarsier,(Cat,(Platypus,Dog))),(Marmoset,(Rat,(Horse,Pig)))))))))))))))))))));
7	2500	8	4.007145881652832	(Sloth,(Wallaby,(Hedgehog,(Squirrel,(Alpaca,(Shrew,(Armadillo,(Tenrec,(Pika,(Mouse,(Elephant,(Hyrax,((Rabbit,(Marmoset,(Orangutan,(Macaque,(Gorilla,(Chimp,Human)))))),(Tarsier,(Dolphin,(Microbat,((Bushbaby,Cow),(Megabat,(((Platypus,Horse),(Dog,Cat)),(Rat,Pig))))))))))))))))))));
7	5000	8	4.009132146835327	(Wallaby,(Sloth,(Hedgehog,(Squirrel,(Alpaca,(Shrew,(Tenrec,(Hyrax,(Pika,(Armadillo,(Dolphin,(Elephant,(Tarsier,((Marmoset,(Orangutan,(Macaque,(Gorilla,(Chimp,Human))))),(Megabat,(Bushbaby,((Rabbit,(Dog,(Microbat,Pig))),(Cat,((Rat,Mouse),(Cow,(Platypus,Horse)))))))))))))))))))));
7	7500	8	4.169933080673218	(Wallaby,(Sloth,(Hedgehog,(Squirrel,(Alpaca,(Shrew,(Tenrec,(Hyrax,(Pika,(Armadillo,(Dolphin,((Marmoset,(Orangutan,(Macaque,(Gorilla,(Chimp,Human))))),(Tarsier,(Elephant,(Megabat,(Bushbaby,((Rat,Mouse),((Rabbit,(Cow,(Cat,(Horse,(Platypus,Pig))))),(Microbat,Dog)))))))))))))))))));
7	10000	8	4.997243642807007	(Wallaby,(Sloth,(Hedgehog,(Squirrel,(Shrew,(Alpaca,(Hyrax,(Tenrec,(Pika,((Marmoset,(Macaque,(Orangutan,(Gorilla,(Chimp,Human))))),(Armadillo,(Tarsier,(Dolphin,(Megabat,(Elephant,(Bushbaby,((Rat,Mouse),(Dog,(Microbat,(Rabbit,(Cow,(Pig,(Cat,(Platypus,Horse))))))))))))))))))))))));
7	25000	8	4.92268967628479	(Wallaby,(Sloth,(Hedgehog,(Shrew,(Squirrel,(Alpaca,(Tenrec,(Hyrax,(Pika,(Tarsier,((Marmoset,(Macaque,(Orangutan,(Gorilla,(Chimp,Human))))),(Armadillo,(Elephant,(Bushbaby,(Dolphin,(Megabat,((Rat,Mouse),(Dog,(Microbat,(Rabbit,(Cow,(Pig,(Cat,(Platypus,Horse))))))))))))))))))))))));
7	50000	8	4.710857152938843	(Wallaby,(Sloth,(Hedgehog,(Shrew,(Squirrel,(Alpaca,(Tenrec,(Hyrax,(Pika,(Tarsier,((Marmoset,(Macaque,(Orangutan,(Gorilla,(Chimp,Human))))),(Armadillo,(Elephant,(Bushbaby,(Dolphin,(Megabat,((Rat,Mouse),(Dog,(Microbat,(Rabbit,(Cow,(Pig,(Cat,(Platypus,Horse))))))))))))))))))))))));
7	75000	8	4.5595972537994385	(Wallaby,(Sloth,(Hedgehog,(Shrew,(Squirrel,(Alpaca,(Tenrec,(Hyrax,(Pika,(Tarsier,((Marmoset,(Macaque,(Orangutan,(Gorilla,(Chimp,Human))))),(Armadillo,(Elephant,(Bushbaby,(Dolphin,(Megabat,((Rat,Mouse),(Dog,(Microbat,(Rabbit,(Cow,(Pig,(Cat,(Platypus,Horse))))))))))))))))))))))));
7	100000	8	4.60521936416626	(Wallaby,(Sloth,(Hedgehog,(Shrew,(Squirrel,(Alpaca,(Tenrec,(Hyrax,(Pika,(Tarsier,((Marmoset,(Macaque,(Orangutan,(Gorilla,(Chimp,Human))))),(Armadillo,(Elephant,(Bushbaby,(Dolphin,(Megabat,((Rat,Mouse),(Dog,(Microbat,(Rabbit,(Cow,(Pig,(Cat,(Platypus,Horse))))))))))))))))))))))));
8	100	8	4.101529598236084	((Sloth,Hedgehog),(Rat,((Tenrec,Pika),(Armadillo,(((Wallaby,Alpaca),((Platypus,(Rabbit,Cow)),((Mouse,Dog),(Elephant,(Dolphin,Pig))))),((Marmoset,(Shrew,Cat)),(Hyrax,((Tarsier,(Macaque,(Gorilla,(Orangutan,(Chimp,Human))))),(Bushbaby,((Squirrel,Horse),(Microbat,Megabat)))))))))));
8	250	8	4.047252416610718	(Sloth,(Wallaby,(Hedgehog,(Tenrec,(Hyrax,(Rat,(Shrew,((Pika,(Platypus,Rabbit)),(Armadillo,(Squirrel,((Mouse,Dog),((Elephant,Pig),((Megabat,Alpaca),((Tarsier,(Marmoset,(Macaque,(Orangutan,(Gorilla,(Chimp,Human)))))),((Bushbaby,Dolphin),((Microbat,Horse),(Cow,Cat)))))))))))))))));
8	500	8	4.1712470054626465	(Sloth,(Wallaby,(Hedgehog,(Tenrec,(Platypus,(Hyrax,(Shrew,((Pika,Rabbit),((Tarsier,(Rat,Mouse)),((Elephant,Armadillo),((Alpaca,(Bushbaby,(Cow,(Dolphin,(Microbat,(Horse,Pig)))))),((Megabat,(Dog,Cat)),(Squirrel,(Marmoset,(Macaque,(Orangutan,(Gorilla,(Chimp,Human))))))))))))))))));
8	750	8	4.045953989028931	(Wallaby,(Sloth,(Shrew,(Hedgehog,(Pika,(Hyrax,(Tenrec,((Platypus,Rabbit),((Tarsier,(Rat,Mouse)),(Armadillo,(Alpaca,((Squirrel,(Marmoset,(Macaque,(Orangutan,(Gorilla,(Chimp,Human)))))),((Megabat,(Dog,Cat)),(Bushbaby,(Cow,(Dolphin,(Elephant,(Microbat,(Horse,Pig)))))))))))))))))));
8	1000	8	3.977060317993164	(Wallaby,(Sloth,(Shrew,(Hedgehog,(Tenrec,(Hyrax,(((Rat,Mouse),(Armadillo,(Alpaca,(Tarsier,((Squirrel,(Bushbaby,(Marmoset,(Macaque,(Orangutan,(Gorilla,(Chimp,Human))))))),((Megabat,(Dog,Cat)),(Elephant,(Cow,(Dolphin,(Microbat,(Horse,Pig))))))))))),(Pika,(Platypus,Rabbit)))))))));
8	2500	8	4.148793935775757	(Wallaby,(Sloth,(Hedgehog,(Shrew,(Tenrec,(Pika,(Platypus,(Hyrax,(Alpaca,((Rat,Mouse),(Tarsier,((Bushbaby,(Squirrel,(Marmoset,(Macaque,(Orangutan,(Gorilla,(Chimp,Human))))))),(Armadillo,(Rabbit,((Cow,Dolphin),(Elephant,(Megabat,((Dog,Cat),(Microbat,(Horse,Pig))))))))))))))))))));
8	5000	8	4.183537483215332	(Wallaby,(Sloth,(Hedgehog,(Tenrec,(Shrew,(Pika,(Platypus,(Hyrax,(Alpaca,((Rat,Mouse),(Armadillo,((Rabbit,(Elephant,(Megabat,(Microbat,((Dog,Cat),((Cow,Dolphin),(Horse,Pig))))))),(Tarsier,(Squirrel,(Bushbaby,(Marmoset,(Macaque,(Orangutan,(Gorilla,(Chimp,Human))))))))))))))))))));
8	7500	8	4.383633613586426	(Wallaby,(Sloth,(Hedgehog,(Tenrec,(Shrew,(Pika,(Platypus,(Hyrax,(Alpaca,((Rat,Mouse),(Armadillo,(Tarsier,(((Megabat,((Dog,Cat),(Microbat,(Horse,(Pig,(Cow,Dolphin)))))),(Elephant,Rabbit)),(Squirrel,(Bushbaby,(Marmoset,(Macaque,(Orangutan,(Gorilla,(Chimp,Human))))))))))))))))))));
8	10000	8	4.3561413288116455	(Wallaby,(Sloth,(Hedgehog,(Tenrec,(Shrew,(Pika,(Platypus,(Hyrax,(Alpaca,((Rat,Mouse),(Squirrel,(Tarsier,(Armadillo,(((Elephant,Rabbit),(Megabat,(Microbat,((Dolphin,(Cow,Pig)),(Horse,(Dog,Cat)))))),(Bushbaby,(Marmoset,(Macaque,(Orangutan,(Gorilla,(Chimp,Human))))))))))))))))))));
8	25000	8	5.825811862945557	(Wallaby,(Hedgehog,(Sloth,(Shrew,(Tenrec,(Pika,(Hyrax,(Platypus,(Alpaca,((Rat,Mouse),(Squirrel,(Armadillo,(Tarsier,(Elephant,((Megabat,(Rabbit,(Microbat,((Horse,(Dog,Cat)),(Dolphin,(Cow,Pig)))))),(Bushbaby,(Marmoset,(Macaque,(Orangutan,(Gorilla,(Chimp,Human)))))))))))))))))))));
8	50000	8	5.692780256271362	(Wallaby,(Hedgehog,(Sloth,(Shrew,(Tenrec,(Pika,(Hyrax,(Platypus,(Alpaca,((Rat,Mouse),(Squirrel,(Armadillo,(Elephant,((Megabat,(Rabbit,(Microbat,((Horse,(Dog,Cat)),(Dolphin,(Cow,Pig)))))),(Bushbaby,(Tarsier,(Marmoset,(Macaque,(Orangutan,(Gorilla,(Chimp,Human)))))))))))))))))))));
8	75000	8	6.036278963088989	(Wallaby,(Hedgehog,(Sloth,(Shrew,(Tenrec,(Pika,(Hyrax,(Platypus,(Alpaca,((Rat,Mouse),(Squirrel,(Armadillo,(Bushbaby,(Megabat,(Elephant,((Rabbit,(Microbat,(Dolphin,((Horse,(Dog,Cat)),(Cow,Pig))))),(Tarsier,(Marmoset,(Macaque,(Orangutan,(Gorilla,(Chimp,Human))))))))))))))))))))));
8	100000	8	6.079356670379639	(Wallaby,(Hedgehog,(Sloth,(Shrew,(Tenrec,(Pika,(Hyrax,(Platypus,(Alpaca,((Rat,Mouse),(Squirrel,(Armadillo,(Bushbaby,(Megabat,(Elephant,((Rabbit,(Microbat,(Dolphin,((Horse,(Dog,Cat)),(Cow,Pig))))),(Tarsier,(Marmoset,(Macaque,(Orangutan,(Gorilla,(Chimp,Human))))))))))))))))))))));
9	100	8	4.248380184173584	(Wallaby,(Shrew,(Hedgehog,((Platypus,Armadillo),(Tenrec,(((Rat,Mouse),((Pika,Rabbit),(Squirrel,(((Horse,(Microbat,(Megabat,(Marmoset,(Macaque,(Orangutan,(Chimp,(Human,Gorilla)))))))),(Tarsier,Bushbaby)),((Alpaca,Cat),(Cow,(Dog,(Dolphin,Pig)))))))),(Sloth,(Elephant,Hyrax))))))));
9	250	8	4.220959901809692	(Hedgehog,(Wallaby,(Shrew,(Platypus,(Tenrec,((Rat,Mouse),((Elephant,Hyrax),((Armadillo,Sloth),((Pika,Rabbit),(Alpaca,(Squirrel,((Cow,Dolphin),(Microbat,(Bushbaby,(Horse,(Pig,((Dog,Cat),(Megabat,(Tarsier,(Marmoset,(Macaque,(Orangutan,(Gorilla,(Chimp,Human))))))))))))))))))))))));
9	500	8	4.407300233840942	(Wallaby,(Platypus,(Hedgehog,(Tenrec,(Shrew,((Rat,Mouse),(Pika,((Armadillo,Sloth),((Elephant,Hyrax),(Squirrel,(Microbat,(((Cow,Dolphin),(Alpaca,Pig)),(Rabbit,(Bushbaby,((Dog,Cat),((Tarsier,(Marmoset,(Macaque,(Orangutan,(Gorilla,(Chimp,Human)))))),(Megabat,Horse)))))))))))))))));
9	750	8	4.170255899429321	(Wallaby,(Platypus,(Hedgehog,(Tenrec,(Shrew,(Sloth,(Pika,((Rat,Mouse),(Hyrax,((Squirrel,((Rabbit,(Bushbaby,((Megabat,Horse),((Dog,Cat),(Tarsier,(Marmoset,(Macaque,(Orangutan,(Gorilla,(Chimp,Human)))))))))),(Elephant,Armadillo))),(Microbat,(Alpaca,(Pig,(Cow,Dolphin))))))))))))));
9	1000	8	4.173167705535889	(Wallaby,(Platypus,(Tenrec,(Hedgehog,(Shrew,(Pika,((Rat,Mouse),(Hyrax,(Sloth,(Alpaca,(Squirrel,(((Rabbit,((Tarsier,(Bushbaby,(Marmoset,(Macaque,(Orangutan,(Gorilla,(Chimp,Human))))))),(Megabat,(Horse,(Dog,Cat))))),(Microbat,(Dolphin,(Cow,Pig)))),(Elephant,Armadillo)))))))))))));
9	2500	8	4.189305067062378	(Wallaby,(Platypus,(Tenrec,(Hedgehog,(Shrew,(Pika,(Hyrax,((Rat,Mouse),(Sloth,(Alpaca,(Rabbit,((Elephant,Armadillo),(Squirrel,(Microbat,((Pig,(Cow,Dolphin)),((Megabat,(Dog,Cat)),(Bushbaby,(Tarsier,(Horse,(Marmoset,(Macaque,(Orangutan,(Gorilla,(Chimp,Human))))))))))))))))))))))));
9	5000	8	4.385913133621216	(Wallaby,(Platypus,(Tenrec,(Hedgehog,(Shrew,(Pika,(Hyrax,(Sloth,((Rat,Mouse),(Alpaca,(Rabbit,((Elephant,Armadillo),(Microbat,(((Pig,(Cow,Dolphin)),(Megabat,(Horse,(Dog,Cat)))),(Squirrel,(Tarsier,(Bushbaby,(Marmoset,(Macaque,(Orangutan,(Gorilla,(Chimp,Human))))))))))))))))))))));
9	7500	8	4.375309467315674	(Wallaby,(Platypus,(Tenrec,(Shrew,(Hedgehog,(Pika,(Hyrax,(Sloth,((Rat,Mouse),(Alpaca,(Rabbit,(((Squirrel,(Tarsier,(Bushbaby,(Marmoset,(Macaque,(Orangutan,(Gorilla,(Chimp,Human)))))))),(Microbat,((Cow,(Dolphin,Pig)),(Megabat,(Horse,(Dog,Cat)))))),(Elephant,Armadillo)))))))))))));
9	10000	8	4.957677841186523	(Wallaby,(Platypus,(Tenrec,(Shrew,(Hedgehog,(Pika,(Sloth,(Hyrax,((Rat,Mouse),(Alpaca,(Rabbit,(((Squirrel,(Tarsier,(Bushbaby,(Marmoset,(Macaque,(Orangutan,(Gorilla,(Chimp,Human)))))))),(((Pig,(Cow,Dolphin)),(Horse,(Dog,Cat))),(Microbat,Megabat))),(Elephant,Armadillo)))))))))))));
9	25000	8	5.171752214431763	(Wallaby,(Platypus,(Tenrec,(Shrew,(Hedgehog,(Pika,(Hyrax,(Sloth,((Rat,Mouse),(Alpaca,(Rabbit,(Armadillo,(Elephant,((Microbat,Megabat),((Pig,(Cow,Dolphin)),(Tarsier,(Bushbaby,(Squirrel,((Marmoset,(Macaque,(Orangutan,(Gorilla,(Chimp,Human))))),(Horse,(Dog,Cat)))))))))))))))))))));
9	50000	8	5.793044567108154	(Wallaby,(Platypus,(Tenrec,(Shrew,(Hedgehog,(Pika,(Sloth,(Hyrax,((Rat,Mouse),(Alpaca,(Rabbit,(Armadillo,(Elephant,((Tarsier,(Bushbaby,(Squirrel,(Marmoset,(Macaque,(Orangutan,(Gorilla,(Chimp,Human)))))))),(((Pig,(Cow,Dolphin)),(Horse,(Dog,Cat))),(Microbat,Megabat))))))))))))))));
9	75000	8	6.596000671386719	(Wallaby,(Platypus,(Tenrec,(Shrew,(Hedgehog,(Pika,(Sloth,(Hyrax,((Rat,Mouse),(Alpaca,(Rabbit,(Armadillo,(Elephant,((Tarsier,(Bushbaby,(Squirrel,(Marmoset,(Macaque,(Orangutan,(Gorilla,(Chimp,Human)))))))),(((Pig,(Cow,Dolphin)),(Horse,(Dog,Cat))),(Microbat,Megabat))))))))))))))));
9	100000	8	7.384727954864502	(Wallaby,(Platypus,(Tenrec,(Shrew,(Hedgehog,(Pika,(Sloth,(Hyrax,((Rat,Mouse),(Alpaca,(Rabbit,(Armadillo,(Tarsier,(Elephant,((Microbat,Megabat),((Pig,(Cow,Dolphin)),(Bushbaby,(Squirrel,((Marmoset,(Macaque,(Orangutan,(Gorilla,(Chimp,Human))))),(Horse,(Dog,Cat)))))))))))))))))))));
10	100	8	4.2603631019592285	((Platypus,Wallaby),(Tenrec,(Shrew,(Hedgehog,(Pika,(((Armadillo,Sloth),((((Elephant,Hyrax),(Alpaca,Pig)),((Megabat,Dog),(Tarsier,((Squirrel,(Marmoset,(Macaque,(Orangutan,(Chimp,(Human,Gorilla)))))),(Cow,(Bushbaby,(Horse,Dolphin))))))),(Microbat,Cat))),(Rabbit,(Rat,Mouse))))))));
10	250	8	4.294339179992676	((Tenrec,(Shrew,(Hedgehog,(Pika,((Rat,Mouse),((Armadillo,Sloth),(((Elephant,Hyrax),((Tarsier,(Squirrel,(Bushbaby,(Horse,(Marmoset,(Macaque,(Orangutan,(Gorilla,(Chimp,Human))))))))),((Dog,Cat),(Alpaca,(Cow,(Pig,(Megabat,Dolphin))))))),(Rabbit,Microbat)))))))),(Platypus,Wallaby));
10	500	8	4.3072028160095215	((Tenrec,(Shrew,(Pika,((Rat,Mouse),(Hedgehog,(Hyrax,((Armadillo,Sloth),(Alpaca,(Rabbit,(Tarsier,(Bushbaby,(Cow,((Dog,Cat),((Elephant,(Squirrel,(Marmoset,(Macaque,(Orangutan,(Chimp,(Human,Gorilla))))))),(Microbat,(Megabat,(Horse,(Dolphin,Pig)))))))))))))))))),(Platypus,Wallaby));
10	750	8	4.2647082805633545	(Platypus,(Wallaby,(Tenrec,(Shrew,((Rat,Mouse),(Hedgehog,((Pika,Rabbit),((Armadillo,Sloth),((Elephant,Hyrax),(Alpaca,(Squirrel,(((Cow,(Dolphin,Pig)),(Microbat,(Megabat,Horse))),((Dog,Cat),(Tarsier,(Bushbaby,(Marmoset,(Macaque,(Orangutan,(Chimp,(Human,Gorilla))))))))))))))))))));
10	1000	8	4.252018213272095	((Tenrec,(Shrew,(Pika,(Hedgehog,((Rat,Mouse),((Armadillo,Sloth),((Elephant,Hyrax),(Alpaca,(Rabbit,(Squirrel,((Tarsier,(Bushbaby,(Marmoset,(Macaque,(Orangutan,(Chimp,(Human,Gorilla))))))),((Dog,Cat),((Cow,(Dolphin,Pig)),(Microbat,(Megabat,Horse))))))))))))))),(Platypus,Wallaby));
10	2500	8	4.2079856395721436	(Platypus,(Wallaby,(Tenrec,(Shrew,(Hedgehog,(Pika,((Rat,Mouse),((Elephant,Hyrax),((Armadillo,Sloth),(Alpaca,(Rabbit,(((Pig,(Cow,Dolphin)),((Dog,Cat),(Microbat,(Megabat,Horse)))),(Squirrel,(Bushbaby,(Tarsier,(Marmoset,(Macaque,(Orangutan,(Gorilla,(Chimp,Human))))))))))))))))))));
10	5000	8	4.431292295455933	(Platypus,(Wallaby,(Tenrec,(Shrew,(Hedgehog,(Pika,((Rat,Mouse),((Elephant,Hyrax),((Armadillo,Sloth),(Rabbit,((Squirrel,(Bushbaby,(Tarsier,(Marmoset,(Macaque,(Orangutan,(Gorilla,(Chimp,Human)))))))),(((Horse,(Dog,Cat)),(Microbat,Megabat)),(Alpaca,(Pig,(Cow,Dolphin)))))))))))))));
10	7500	8	4.985644340515137	(Platypus,(Wallaby,(Tenrec,(Shrew,(Hedgehog,(Pika,((Rat,Mouse),((Elephant,Hyrax),((Armadillo,Sloth),(Rabbit,(Alpaca,(((Microbat,Megabat),((Pig,(Cow,Dolphin)),(Horse,(Dog,Cat)))),(Squirrel,(Bushbaby,(Tarsier,(Marmoset,(Macaque,(Orangutan,(Gorilla,(Chimp,Human))))))))))))))))))));
10	10000	8	4.946542739868164	(Platypus,(Wallaby,(Tenrec,(Shrew,(Hedgehog,(Pika,((Rat,Mouse),((Armadillo,Sloth),((Elephant,Hyrax),(Rabbit,((Squirrel,(Bushbaby,(Tarsier,(Marmoset,(Macaque,(Orangutan,(Gorilla,(Chimp,Human)))))))),((Alpaca,(Pig,(Cow,Dolphin))),((Horse,(Dog,Cat)),(Microbat,Megabat))))))))))))));
10	25000	8	5.126317024230957	(Platypus,(Wallaby,(Tenrec,(Shrew,(Hedgehog,(Pika,((Rat,Mouse),((Elephant,Hyrax),((Armadillo,Sloth),(Rabbit,(Alpaca,(((Microbat,Megabat),((Pig,(Cow,Dolphin)),(Horse,(Dog,Cat)))),(Squirrel,(Bushbaby,(Tarsier,(Marmoset,(Macaque,(Orangutan,(Gorilla,(Chimp,Human))))))))))))))))))));
10	50000	8	5.867666959762573	(Platypus,(Wallaby,(Tenrec,(Shrew,(Pika,(Hedgehog,((Rat,Mouse),((Elephant,Hyrax),((Armadillo,Sloth),(Rabbit,(Alpaca,(((Microbat,Megabat),((Pig,(Cow,Dolphin)),(Horse,(Dog,Cat)))),(Squirrel,(Bushbaby,(Tarsier,(Marmoset,(Macaque,(Orangutan,(Gorilla,(Chimp,Human))))))))))))))))))));
10	75000	8	6.523652791976929	(Platypus,(Wallaby,(Tenrec,(Shrew,(Pika,(Hedgehog,((Rat,Mouse),((Elephant,Hyrax),((Armadillo,Sloth),(Rabbit,(Alpaca,(((Microbat,Megabat),((Pig,(Cow,Dolphin)),(Horse,(Dog,Cat)))),(Squirrel,(Bushbaby,(Tarsier,(Marmoset,(Macaque,(Orangutan,(Gorilla,(Chimp,Human))))))))))))))))))));
10	100000	8	7.124992609024048	(Platypus,(Wallaby,(Tenrec,(Shrew,(Pika,(Hedgehog,((Rat,Mouse),((Elephant,Hyrax),((Armadillo,Sloth),(Rabbit,(Alpaca,(((Microbat,Megabat),((Pig,(Cow,Dolphin)),(Horse,(Dog,Cat)))),(Squirrel,(Bushbaby,(Tarsier,(Marmoset,(Macaque,(Orangutan,(Gorilla,(Chimp,Human))))))))))))))))))));
11	100	8	4.310589790344238	(Platypus,(Shrew,(Wallaby,((Squirrel,(Rat,Mouse)),((Tenrec,Hedgehog),((Elephant,Hyrax),((Armadillo,Sloth),((Pika,Rabbit),(Microbat,(((Marmoset,(Macaque,(Orangutan,(Gorilla,(Chimp,Human))))),(Tarsier,Bushbaby)),((Megabat,Horse),(Cow,((Dog,Cat),(Pig,(Alpaca,Dolphin)))))))))))))));
11	250	8	4.318761110305786	(Platypus,(Wallaby,(Tenrec,(Shrew,(Pika,((Rat,Mouse),(Hedgehog,((Armadillo,Sloth),(Rabbit,((Elephant,Hyrax),(Alpaca,(Microbat,((((Dog,Cat),(Cow,(Dolphin,Pig))),(Horse,(Bushbaby,Megabat))),(Squirrel,(Tarsier,(Marmoset,(Macaque,(Orangutan,(Gorilla,(Chimp,Human))))))))))))))))))));
11	500	8	4.295088291168213	(Platypus,(Wallaby,((Rat,Mouse),(Tenrec,(Shrew,(Hedgehog,(Pika,((Armadillo,Sloth),((Elephant,Hyrax),(Rabbit,(Microbat,(((Alpaca,(Cow,(Dolphin,Pig))),(Horse,(Megabat,(Dog,Cat)))),(Squirrel,(Bushbaby,(Tarsier,(Marmoset,(Macaque,(Orangutan,(Gorilla,(Chimp,Human))))))))))))))))))));
11	750	8	4.32359766960144	(Platypus,(Wallaby,(Tenrec,((Rat,Mouse),(Shrew,(Pika,(Hedgehog,((Armadillo,Sloth),((Elephant,Hyrax),(Rabbit,(Alpaca,(Microbat,((Squirrel,(Bushbaby,(Tarsier,(Marmoset,(Macaque,(Orangutan,(Gorilla,(Chimp,Human)))))))),((Cow,(Dolphin,Pig)),(Megabat,(Horse,(Dog,Cat)))))))))))))))));
11	1000	8	4.319476366043091	(Platypus,(Wallaby,((Rat,Mouse),(Tenrec,(Shrew,(Hedgehog,((Pika,Rabbit),((Armadillo,Sloth),((Elephant,Hyrax),(Alpaca,(Microbat,(((Cow,(Dolphin,Pig)),(Horse,(Megabat,(Dog,Cat)))),(Squirrel,(Tarsier,(Bushbaby,(Marmoset,(Macaque,(Orangutan,(Gorilla,(Chimp,Human))))))))))))))))))));
11	2500	8	4.354321718215942	(Platypus,(Wallaby,(Tenrec,((Rat,Mouse),(Shrew,(Pika,(Hedgehog,((Elephant,Hyrax),(Rabbit,((Armadillo,Sloth),((Squirrel,(Tarsier,(Bushbaby,(Marmoset,(Macaque,(Orangutan,(Gorilla,(Chimp,Human)))))))),((Alpaca,(Cow,(Dolphin,Pig))),(Microbat,(Megabat,(Horse,(Dog,Cat))))))))))))))));
11	5000	8	5.142577171325684	(Platypus,(Wallaby,(Tenrec,((Rat,Mouse),(Shrew,(Pika,(Hedgehog,((Elephant,Hyrax),((Armadillo,Sloth),(Rabbit,(((Alpaca,(Cow,(Dolphin,Pig))),(Microbat,(Megabat,(Horse,(Dog,Cat))))),(Squirrel,(Bushbaby,(Tarsier,(Marmoset,(Macaque,(Orangutan,(Gorilla,(Chimp,Human)))))))))))))))))));
11	7500	8	4.688713312149048	(Platypus,(Wallaby,(Tenrec,((Rat,Mouse),(Shrew,(Hedgehog,((Pika,Rabbit),((Elephant,Hyrax),((Armadillo,Sloth),(((Alpaca,(Cow,(Dolphin,Pig))),(Microbat,(Megabat,(Horse,(Dog,Cat))))),(Squirrel,(Bushbaby,(Tarsier,(Marmoset,(Macaque,(Orangutan,(Gorilla,(Chimp,Human))))))))))))))))));
11	10000	8	4.80496072769165	(Platypus,(Wallaby,(Tenrec,((Rat,Mouse),(Shrew,(Hedgehog,((Pika,Rabbit),((Elephant,Hyrax),((Armadillo,Sloth),(((Alpaca,(Cow,(Dolphin,Pig))),((Horse,(Dog,Cat)),(Microbat,Megabat))),(Squirrel,(Bushbaby,(Tarsier,(Marmoset,(Macaque,(Orangutan,(Gorilla,(Chimp,Human))))))))))))))))));
11	25000	8	5.332113027572632	(Platypus,(Wallaby,(Tenrec,(Shrew,((Rat,Mouse),(Hedgehog,((Pika,Rabbit),((Elephant,Hyrax),((Armadillo,Sloth),(((Alpaca,(Pig,(Cow,Dolphin))),((Horse,(Dog,Cat)),(Microbat,Megabat))),(Squirrel,(Bushbaby,(Tarsier,(Marmoset,(Macaque,(Orangutan,(Gorilla,(Chimp,Human))))))))))))))))));
11	50000	8	5.90401554107666	(Platypus,(Wallaby,(Tenrec,((Rat,Mouse),(Shrew,(Pika,(Hedgehog,((Elephant,Hyrax),((Armadillo,Sloth),(Rabbit,(((Alpaca,(Pig,(Cow,Dolphin))),((Horse,(Dog,Cat)),(Microbat,Megabat))),(Squirrel,(Bushbaby,(Tarsier,(Marmoset,(Macaque,(Orangutan,(Gorilla,(Chimp,Human)))))))))))))))))));
11	75000	8	6.6420745849609375	(Platypus,(Wallaby,(Tenrec,((Rat,Mouse),(Shrew,(Pika,(Hedgehog,((Elephant,Hyrax),((Armadillo,Sloth),(Rabbit,(((Alpaca,(Pig,(Cow,Dolphin))),((Horse,(Dog,Cat)),(Microbat,Megabat))),(Squirrel,(Bushbaby,(Tarsier,(Marmoset,(Macaque,(Orangutan,(Gorilla,(Chimp,Human)))))))))))))))))));
11	100000	8	7.214916467666626	(Platypus,(Wallaby,(Tenrec,((Rat,Mouse),(Shrew,(Pika,(Hedgehog,((Elephant,Hyrax),((Armadillo,Sloth),(Rabbit,(((Alpaca,(Pig,(Cow,Dolphin))),((Horse,(Dog,Cat)),(Microbat,Megabat))),(Squirrel,(Bushbaby,(Tarsier,(Marmoset,(Macaque,(Orangutan,(Gorilla,(Chimp,Human)))))))))))))))))));
12	100	8	4.302613258361816	((Pika,(Tenrec,(Shrew,((Rat,Mouse),(Hedgehog,(Rabbit,((Armadillo,Sloth),((Elephant,Hyrax),((Cow,(Dolphin,Pig)),((Bushbaby,(Squirrel,(Tarsier,(Marmoset,(Macaque,(Orangutan,(Chimp,(Human,Gorilla)))))))),((Microbat,Megabat),(Alpaca,(Cat,(Horse,Dog)))))))))))))),(Platypus,Wallaby));
12	250	8	4.322468519210815	((Tenrec,((Rat,Mouse),(Shrew,((Pika,Rabbit),(Hedgehog,((Armadillo,Sloth),((Elephant,Hyrax),((((Microbat,Megabat),(Horse,(Dog,Cat))),(Alpaca,(Pig,(Cow,Dolphin)))),(Squirrel,(Tarsier,(Bushbaby,(Marmoset,(Macaque,(Orangutan,(Chimp,(Human,Gorilla)))))))))))))))),(Platypus,Wallaby));
12	500	8	4.309951305389404	(Platypus,(Wallaby,(Tenrec,((Rat,Mouse),(Shrew,(Hedgehog,((Pika,Rabbit),((Armadillo,Sloth),((Elephant,Hyrax),(((Alpaca,(Pig,(Cow,Dolphin))),((Microbat,Megabat),(Horse,(Dog,Cat)))),(Squirrel,(Bushbaby,(Tarsier,(Marmoset,(Macaque,(Orangutan,(Gorilla,(Chimp,Human))))))))))))))))));
12	750	8	4.316399335861206	(Platypus,(Wallaby,(Tenrec,((Rat,Mouse),(Shrew,(Hedgehog,((Pika,Rabbit),((Armadillo,Sloth),((Elephant,Hyrax),((Squirrel,(Bushbaby,(Tarsier,(Marmoset,(Macaque,(Orangutan,(Gorilla,(Chimp,Human)))))))),((Alpaca,(Pig,(Cow,Dolphin))),((Dog,Cat),(Horse,(Microbat,Megabat))))))))))))));
12	1000	8	4.468536853790283	(Platypus,(Wallaby,(Tenrec,((Rat,Mouse),(Shrew,(Hedgehog,((Pika,Rabbit),((Elephant,Hyrax),((Armadillo,Sloth),(((Alpaca,(Pig,(Cow,Dolphin))),((Dog,Cat),(Horse,(Microbat,Megabat)))),(Squirrel,(Bushbaby,(Tarsier,(Marmoset,(Macaque,(Orangutan,(Gorilla,(Chimp,Human))))))))))))))))));
12	2500	8	5.167824983596802	(Platypus,(Wallaby,(Tenrec,((Rat,Mouse),(Shrew,(Hedgehog,((Pika,Rabbit),((Elephant,Hyrax),((Armadillo,Sloth),(((Microbat,Megabat),((Horse,(Dog,Cat)),(Alpaca,(Cow,(Dolphin,Pig))))),(Squirrel,(Bushbaby,(Tarsier,(Marmoset,(Macaque,(Orangutan,(Gorilla,(Chimp,Human))))))))))))))))));
12	5000	8	4.647489309310913	(Platypus,(Wallaby,(Tenrec,((Rat,Mouse),(Shrew,(Hedgehog,((Pika,Rabbit),((Elephant,Hyrax),((Armadillo,Sloth),(((Microbat,Megabat),((Horse,(Dog,Cat)),(Alpaca,(Pig,(Cow,Dolphin))))),(Squirrel,(Bushbaby,(Tarsier,(Marmoset,(Macaque,(Orangutan,(Gorilla,(Chimp,Human))))))))))))))))));
12	7500	8	4.757613182067871	(Platypus,(Wallaby,((Rat,Mouse),(Tenrec,(Shrew,(Hedgehog,((Pika,Rabbit),((Elephant,Hyrax),((Armadillo,Sloth),(((Alpaca,(Pig,(Cow,Dolphin))),((Horse,(Dog,Cat)),(Microbat,Megabat))),(Squirrel,(Bushbaby,(Tarsier,(Marmoset,(Macaque,(Orangutan,(Gorilla,(Chimp,Human))))))))))))))))));
12	10000	8	4.867581367492676	(Platypus,(Wallaby,((Rat,Mouse),(Tenrec,(Shrew,(Hedgehog,((Pika,Rabbit),((Elephant,Hyrax),((Armadillo,Sloth),(((Alpaca,(Pig,(Cow,Dolphin))),((Horse,(Dog,Cat)),(Microbat,Megabat))),(Squirrel,(Bushbaby,(Tarsier,(Marmoset,(Macaque,(Orangutan,(Gorilla,(Chimp,Human))))))))))))))))));
12	25000	8	5.266693353652954	(Platypus,(Wallaby,((Rat,Mouse),(Tenrec,(Shrew,(Hedgehog,((Pika,Rabbit),((Elephant,Hyrax),((Armadillo,Sloth),(((Alpaca,(Pig,(Cow,Dolphin))),((Horse,(Dog,Cat)),(Microbat,Megabat))),(Squirrel,(Bushbaby,(Tarsier,(Marmoset,(Macaque,(Orangutan,(Gorilla,(Chimp,Human))))))))))))))))));
12	50000	8	5.890510082244873	(Platypus,(Wallaby,(Tenrec,((Rat,Mouse),(Shrew,(Hedgehog,((Pika,Rabbit),((Elephant,Hyrax),((Armadillo,Sloth),(((Alpaca,(Pig,(Cow,Dolphin))),((Horse,(Dog,Cat)),(Microbat,Megabat))),(Squirrel,(Bushbaby,(Tarsier,(Marmoset,(Macaque,(Orangutan,(Gorilla,(Chimp,Human))))))))))))))))));
12	75000	8	6.406416893005371	(Platypus,(Wallaby,(Tenrec,((Rat,Mouse),(Shrew,(Hedgehog,((Pika,Rabbit),((Elephant,Hyrax),((Armadillo,Sloth),(((Alpaca,(Pig,(Cow,Dolphin))),((Horse,(Dog,Cat)),(Microbat,Megabat))),(Squirrel,(Bushbaby,(Tarsier,(Marmoset,(Macaque,(Orangutan,(Gorilla,(Chimp,Human))))))))))))))))));
12	100000	8	7.173907279968262	(Platypus,(Wallaby,(Tenrec,((Rat,Mouse),(Shrew,(Hedgehog,((Pika,Rabbit),((Elephant,Hyrax),((Armadillo,Sloth),(((Alpaca,(Pig,(Cow,Dolphin))),((Horse,(Dog,Cat)),(Microbat,Megabat))),(Squirrel,(Bushbaby,(Tarsier,(Marmoset,(Macaque,(Orangutan,(Gorilla,(Chimp,Human))))))))))))))))));
13	100	8	4.2796900272369385	(Platypus,(Wallaby,(Shrew,(Hedgehog,((Rat,Mouse),(Tenrec,(Sloth,((Elephant,Hyrax),((Pika,Rabbit),(Alpaca,(Bushbaby,(Tarsier,(Squirrel,(((Marmoset,(Macaque,(Orangutan,(Gorilla,(Chimp,Human))))),(Armadillo,(Horse,(Dog,Cat)))),((Pig,(Cow,Dolphin)),(Microbat,Megabat))))))))))))))));
13	250	8	4.2732179164886475	(Platypus,(Wallaby,(Shrew,((Rat,Mouse),(Hedgehog,(Tenrec,((Pika,Rabbit),(Sloth,(Alpaca,((Elephant,Hyrax),(Megabat,((Squirrel,(Tarsier,(Bushbaby,(Marmoset,(Macaque,(Orangutan,(Human,(Chimp,Gorilla)))))))),((Cow,(Dolphin,Pig)),(Armadillo,(Microbat,(Horse,(Dog,Cat)))))))))))))))));
13	500	8	4.3290181159973145	(Platypus,(Wallaby,((Rat,Mouse),(Hedgehog,(Shrew,(Tenrec,((Pika,Rabbit),((Elephant,Hyrax),((Armadillo,Sloth),(Alpaca,((Tarsier,(Bushbaby,(Squirrel,(Marmoset,(Macaque,(Orangutan,(Gorilla,(Chimp,Human)))))))),((Microbat,Megabat),((Cow,(Dolphin,Pig)),(Horse,(Dog,Cat)))))))))))))));
13	750	8	4.616049766540527	(Platypus,(Wallaby,((Rat,Mouse),(Tenrec,(Shrew,(Hedgehog,((Pika,Rabbit),((Elephant,Hyrax),((Armadillo,Sloth),((Bushbaby,(Squirrel,(Tarsier,(Marmoset,(Macaque,(Orangutan,(Gorilla,(Chimp,Human)))))))),((Alpaca,(Pig,(Cow,Dolphin))),((Horse,(Dog,Cat)),(Microbat,Megabat)))))))))))));
13	1000	8	4.93379545211792	(Platypus,(Wallaby,(Tenrec,((Rat,Mouse),(Shrew,(Hedgehog,((Pika,Rabbit),((Elephant,Hyrax),((Armadillo,Sloth),(((Alpaca,(Cow,(Dolphin,Pig))),((Microbat,Megabat),(Horse,(Dog,Cat)))),(Bushbaby,(Squirrel,(Tarsier,(Marmoset,(Macaque,(Orangutan,(Gorilla,(Chimp,Human))))))))))))))))));
13	2500	8	4.522557735443115	(Platypus,(Wallaby,(Tenrec,((Rat,Mouse),(Shrew,(Hedgehog,((Pika,Rabbit),((Elephant,Hyrax),((Armadillo,Sloth),(((Alpaca,(Pig,(Cow,Dolphin))),((Horse,(Dog,Cat)),(Microbat,Megabat))),(Bushbaby,(Squirrel,(Tarsier,(Marmoset,(Macaque,(Orangutan,(Gorilla,(Chimp,Human))))))))))))))))));
13	5000	8	4.497307538986206	(Platypus,(Wallaby,((Rat,Mouse),(Tenrec,(Shrew,(Hedgehog,((Pika,Rabbit),((Elephant,Hyrax),((Armadillo,Sloth),(((Alpaca,(Cow,(Dolphin,Pig))),((Microbat,Megabat),(Horse,(Dog,Cat)))),(Squirrel,(Bushbaby,(Tarsier,(Marmoset,(Macaque,(Orangutan,(Gorilla,(Chimp,Human))))))))))))))))));
13	7500	8	4.5639259815216064	(Platypus,(Wallaby,((Rat,Mouse),(Tenrec,(Shrew,(Hedgehog,((Pika,Rabbit),((Elephant,Hyrax),((Armadillo,Sloth),(((Alpaca,(Cow,(Dolphin,Pig))),((Microbat,Megabat),(Horse,(Dog,Cat)))),(Squirrel,(Bushbaby,(Tarsier,(Marmoset,(Macaque,(Orangutan,(Gorilla,(Chimp,Human))))))))))))))))));
13	10000	8	4.726675271987915	(Platypus,(Wallaby,((Rat,Mouse),(Tenrec,(Shrew,(Hedgehog,((Pika,Rabbit),((Elephant,Hyrax),((Armadillo,Sloth),(((Alpaca,(Cow,(Dolphin,Pig))),((Microbat,Megabat),(Horse,(Dog,Cat)))),(Squirrel,(Bushbaby,(Tarsier,(Marmoset,(Macaque,(Orangutan,(Gorilla,(Chimp,Human))))))))))))))))));
13	25000	8	5.078895330429077	(Platypus,(Wallaby,((Rat,Mouse),(Tenrec,(Shrew,(Hedgehog,((Pika,Rabbit),((Elephant,Hyrax),((Armadillo,Sloth),(((Alpaca,(Pig,(Cow,Dolphin))),((Horse,(Dog,Cat)),(Microbat,Megabat))),(Squirrel,(Bushbaby,(Tarsier,(Marmoset,(Macaque,(Orangutan,(Gorilla,(Chimp,Human))))))))))))))))));
13	50000	8	5.7769365310668945	(Platypus,(Wallaby,((Rat,Mouse),(Tenrec,(Shrew,(Hedgehog,((Pika,Rabbit),((Elephant,Hyrax),((Armadillo,Sloth),(((Alpaca,(Pig,(Cow,Dolphin))),((Horse,(Dog,Cat)),(Microbat,Megabat))),(Squirrel,(Bushbaby,(Tarsier,(Marmoset,(Macaque,(Orangutan,(Gorilla,(Chimp,Human))))))))))))))))));
13	75000	8	6.315812110900879	(Platypus,(Wallaby,((Rat,Mouse),(Tenrec,(Shrew,(Hedgehog,((Pika,Rabbit),((Elephant,Hyrax),((Armadillo,Sloth),(((Alpaca,(Pig,(Cow,Dolphin))),((Horse,(Dog,Cat)),(Microbat,Megabat))),(Squirrel,(Bushbaby,(Tarsier,(Marmoset,(Macaque,(Orangutan,(Gorilla,(Chimp,Human))))))))))))))))));
13	100000	8	7.32050895690918	(Platypus,(Wallaby,((Rat,Mouse),(Tenrec,(Shrew,(Hedgehog,((Pika,Rabbit),((Elephant,Hyrax),((Armadillo,Sloth),(((Alpaca,(Pig,(Cow,Dolphin))),((Horse,(Dog,Cat)),(Microbat,Megabat))),(Squirrel,(Bushbaby,(Tarsier,(Marmoset,(Macaque,(Orangutan,(Gorilla,(Chimp,Human))))))))))))))))));
14	100	8	6.192691087722778	(Hedgehog,((Tenrec,((Rat,Mouse),(Pika,(((Cow,(Alpaca,Dolphin)),((Dog,Cat),(Microbat,(Horse,(Megabat,Pig))))),((Armadillo,Sloth),(((Marmoset,(Macaque,(Orangutan,(Gorilla,(Chimp,Human))))),(Squirrel,(Tarsier,Bushbaby))),(Rabbit,(Elephant,Hyrax)))))))),(Wallaby,(Platypus,Shrew))));
14	250	8	4.641571760177612	(Wallaby,(Platypus,((Rat,Mouse),(Shrew,(Hedgehog,(Tenrec,((Pika,Rabbit),((Armadillo,Sloth),((Elephant,Hyrax),(Squirrel,((((Dog,Cat),(Microbat,Megabat)),(Horse,(Cow,(Pig,(Alpaca,Dolphin))))),(Bushbaby,(Tarsier,(Marmoset,(Macaque,(Orangutan,(Gorilla,(Chimp,Human))))))))))))))))));
14	500	8	5.3850202560424805	(Wallaby,(Platypus,((Rat,Mouse),(Tenrec,(Hedgehog,(Shrew,((Pika,Rabbit),((Armadillo,Sloth),((Elephant,Hyrax),((((Dog,Cat),(Microbat,Megabat)),(Horse,(Cow,(Pig,(Alpaca,Dolphin))))),(Squirrel,(Bushbaby,(Tarsier,(Marmoset,(Macaque,(Orangutan,(Gorilla,(Chimp,Human))))))))))))))))));
14	750	8	4.479605436325073	(Platypus,(Wallaby,((Rat,Mouse),(Tenrec,(Shrew,(Hedgehog,((Pika,Rabbit),((Armadillo,Sloth),((Elephant,Hyrax),(((Pig,(Alpaca,(Cow,Dolphin))),(Microbat,((Dog,Cat),(Megabat,Horse)))),(Squirrel,(Bushbaby,(Tarsier,(Marmoset,(Macaque,(Orangutan,(Gorilla,(Chimp,Human))))))))))))))))));
14	1000	8	4.568563461303711	(Platypus,(Wallaby,((Rat,Mouse),(Tenrec,(Shrew,(Hedgehog,((Pika,Rabbit),((Elephant,Hyrax),((Armadillo,Sloth),(((Alpaca,(Pig,(Cow,Dolphin))),(Microbat,((Dog,Cat),(Megabat,Horse)))),(Squirrel,(Bushbaby,(Tarsier,(Marmoset,(Macaque,(Orangutan,(Gorilla,(Chimp,Human))))))))))))))))));
14	2500	8	4.444180250167847	(Platypus,(Wallaby,((Rat,Mouse),(Tenrec,(Shrew,(Hedgehog,((Pika,Rabbit),((Elephant,Hyrax),((Armadillo,Sloth),(((Alpaca,(Cow,(Dolphin,Pig))),((Horse,(Dog,Cat)),(Microbat,Megabat))),(Squirrel,(Bushbaby,(Tarsier,(Marmoset,(Macaque,(Orangutan,(Gorilla,(Chimp,Human))))))))))))))))));
14	5000	8	4.656815528869629	(Platypus,(Wallaby,((Rat,Mouse),(Tenrec,(Shrew,(Hedgehog,((Pika,Rabbit),((Elephant,Hyrax),((Armadillo,Sloth),(((Alpaca,(Pig,(Cow,Dolphin))),((Horse,(Dog,Cat)),(Microbat,Megabat))),(Squirrel,(Bushbaby,(Tarsier,(Marmoset,(Macaque,(Orangutan,(Gorilla,(Chimp,Human))))))))))))))))));
14	7500	8	4.670673131942749	(Platypus,(Wallaby,((Rat,Mouse),(Tenrec,(Shrew,(Hedgehog,((Pika,Rabbit),((Elephant,Hyrax),((Armadillo,Sloth),(((Alpaca,(Pig,(Cow,Dolphin))),((Horse,(Dog,Cat)),(Microbat,Megabat))),(Squirrel,(Bushbaby,(Tarsier,(Marmoset,(Macaque,(Orangutan,(Gorilla,(Chimp,Human))))))))))))))))));
14	10000	8	4.692760705947876	(Platypus,(Wallaby,(Tenrec,((Rat,Mouse),(Shrew,(Hedgehog,((Pika,Rabbit),((Elephant,Hyrax),((Armadillo,Sloth),(((Alpaca,(Cow,(Dolphin,Pig))),((Horse,(Dog,Cat)),(Microbat,Megabat))),(Squirrel,(Bushbaby,(Tarsier,(Marmoset,(Macaque,(Orangutan,(Gorilla,(Chimp,Human))))))))))))))))));
14	25000	8	5.111825942993164	(Platypus,(Wallaby,((Rat,Mouse),(Tenrec,(Shrew,(Hedgehog,((Pika,Rabbit),((Elephant,Hyrax),((Armadillo,Sloth),(((Alpaca,(Pig,(Cow,Dolphin))),((Horse,(Dog,Cat)),(Microbat,Megabat))),(Squirrel,(Bushbaby,(Tarsier,(Marmoset,(Macaque,(Orangutan,(Gorilla,(Chimp,Human))))))))))))))))));
14	50000	8	5.764783620834351	(Platypus,(Wallaby,((Rat,Mouse),(Tenrec,(Shrew,(Hedgehog,((Pika,Rabbit),((Elephant,Hyrax),((Armadillo,Sloth),(((Alpaca,(Pig,(Cow,Dolphin))),((Horse,(Dog,Cat)),(Microbat,Megabat))),(Squirrel,(Bushbaby,(Tarsier,(Marmoset,(Macaque,(Orangutan,(Gorilla,(Chimp,Human))))))))))))))))));
14	75000	8	6.557143211364746	(Platypus,(Wallaby,((Rat,Mouse),(Tenrec,(Shrew,(Hedgehog,((Pika,Rabbit),((Elephant,Hyrax),((Armadillo,Sloth),(((Alpaca,(Pig,(Cow,Dolphin))),((Horse,(Dog,Cat)),(Microbat,Megabat))),(Squirrel,(Bushbaby,(Tarsier,(Marmoset,(Macaque,(Orangutan,(Gorilla,(Chimp,Human))))))))))))))))));
14	100000	8	7.3096091747283936	(Platypus,(Wallaby,((Rat,Mouse),(Tenrec,(Shrew,(Hedgehog,((Pika,Rabbit),((Elephant,Hyrax),((Armadillo,Sloth),(((Alpaca,(Pig,(Cow,Dolphin))),((Horse,(Dog,Cat)),(Microbat,Megabat))),(Squirrel,(Bushbaby,(Tarsier,(Marmoset,(Macaque,(Orangutan,(Gorilla,(Chimp,Human))))))))))))))))));
15	100	8	4.866623401641846	(Wallaby,(Platypus,((Hyrax,Tenrec),((Rat,Mouse),(Pika,(Bushbaby,(Hedgehog,(Shrew,((Armadillo,Sloth),(Alpaca,(Rabbit,((Pig,(Cow,Dolphin)),(Elephant,(Cat,((Squirrel,Horse),(Tarsier,(Microbat,((Marmoset,(Macaque,(Orangutan,(Human,(Chimp,Gorilla))))),(Megabat,Dog)))))))))))))))))));
15	250	8	4.881701707839966	(Platypus,(Wallaby,(Tenrec,((Rat,Mouse),(Pika,(Hyrax,(Shrew,(Hedgehog,(Bushbaby,((Armadillo,Sloth),(Rabbit,(Squirrel,((Horse,(Alpaca,(Pig,(Cow,Dolphin)))),(Tarsier,(Elephant,((Microbat,Megabat),((Marmoset,(Macaque,(Orangutan,(Gorilla,(Chimp,Human))))),(Dog,Cat))))))))))))))))));
15	500	8	4.375967741012573	(Platypus,(Wallaby,(Tenrec,((Rat,Mouse),(Pika,(Shrew,(Hedgehog,((Elephant,Hyrax),((Armadillo,Sloth),(Bushbaby,(Squirrel,(Rabbit,((Tarsier,(Marmoset,(Macaque,(Orangutan,(Gorilla,(Chimp,Human)))))),((Alpaca,(Pig,(Cow,Dolphin))),((Microbat,Megabat),(Horse,(Dog,Cat)))))))))))))))));
15	750	8	4.413890600204468	(Platypus,(Wallaby,(Tenrec,((Rat,Mouse),(Pika,(Shrew,(Hedgehog,((Elephant,Hyrax),((Armadillo,Sloth),(Rabbit,(Bushbaby,(Squirrel,((Tarsier,(Marmoset,(Macaque,(Orangutan,(Gorilla,(Chimp,Human)))))),(Alpaca,((Pig,(Cow,Dolphin)),((Microbat,Megabat),(Horse,(Dog,Cat))))))))))))))))));
15	1000	8	4.474238395690918	(Platypus,(Wallaby,(Tenrec,((Rat,Mouse),(Pika,(Shrew,(Hedgehog,((Elephant,Hyrax),((Armadillo,Sloth),(Rabbit,(Squirrel,(Bushbaby,((Tarsier,(Marmoset,(Macaque,(Orangutan,(Gorilla,(Chimp,Human)))))),((Alpaca,(Pig,(Cow,Dolphin))),((Microbat,Megabat),(Horse,(Dog,Cat)))))))))))))))));
15	2500	8	4.485032320022583	(Platypus,(Wallaby,((Rat,Mouse),(Tenrec,(Shrew,(Hedgehog,((Pika,Rabbit),((Elephant,Hyrax),((Armadillo,Sloth),(((Alpaca,(Pig,(Cow,Dolphin))),((Horse,(Dog,Cat)),(Microbat,Megabat))),(Squirrel,(Bushbaby,(Tarsier,(Marmoset,(Macaque,(Orangutan,(Gorilla,(Chimp,Human))))))))))))))))));
15	5000	8	4.616722345352173	(Platypus,(Wallaby,((Rat,Mouse),(Tenrec,(Shrew,(Hedgehog,((Pika,Rabbit),((Elephant,Hyrax),((Armadillo,Sloth),(((Alpaca,(Cow,(Dolphin,Pig))),((Horse,(Dog,Cat)),(Microbat,Megabat))),(Squirrel,(Bushbaby,(Tarsier,(Marmoset,(Macaque,(Orangutan,(Gorilla,(Chimp,Human))))))))))))))))));
15	7500	8	4.849466323852539	(Platypus,(Wallaby,((Rat,Mouse),(Tenrec,(Shrew,(Hedgehog,((Pika,Rabbit),((Elephant,Hyrax),((Armadillo,Sloth),(((Alpaca,(Cow,(Dolphin,Pig))),((Horse,(Dog,Cat)),(Microbat,Megabat))),(Squirrel,(Bushbaby,(Tarsier,(Marmoset,(Macaque,(Orangutan,(Gorilla,(Chimp,Human))))))))))))))))));
15	10000	8	4.710943698883057	(Platypus,(Wallaby,((Rat,Mouse),(Tenrec,(Shrew,(Hedgehog,((Pika,Rabbit),((Elephant,Hyrax),((Armadillo,Sloth),(((Alpaca,(Pig,(Cow,Dolphin))),((Horse,(Dog,Cat)),(Microbat,Megabat))),(Squirrel,(Bushbaby,(Tarsier,(Marmoset,(Macaque,(Orangutan,(Gorilla,(Chimp,Human))))))))))))))))));
15	25000	8	5.0572285652160645	(Platypus,(Wallaby,((Rat,Mouse),(Tenrec,(Shrew,(Hedgehog,((Pika,Rabbit),((Elephant,Hyrax),((Armadillo,Sloth),(((Alpaca,(Pig,(Cow,Dolphin))),((Horse,(Dog,Cat)),(Microbat,Megabat))),(Squirrel,(Bushbaby,(Tarsier,(Marmoset,(Macaque,(Orangutan,(Gorilla,(Chimp,Human))))))))))))))))));
15	50000	8	5.68668270111084	(Platypus,(Wallaby,((Rat,Mouse),(Tenrec,(Shrew,(Hedgehog,((Pika,Rabbit),((Elephant,Hyrax),((Armadillo,Sloth),(((Alpaca,(Pig,(Cow,Dolphin))),((Horse,(Dog,Cat)),(Microbat,Megabat))),(Squirrel,(Bushbaby,(Tarsier,(Marmoset,(Macaque,(Orangutan,(Gorilla,(Chimp,Human))))))))))))))))));
15	75000	8	6.349209785461426	(Platypus,(Wallaby,((Rat,Mouse),(Tenrec,(Shrew,(Hedgehog,((Pika,Rabbit),((Elephant,Hyrax),((Armadillo,Sloth),(((Alpaca,(Pig,(Cow,Dolphin))),((Horse,(Dog,Cat)),(Microbat,Megabat))),(Squirrel,(Bushbaby,(Tarsier,(Marmoset,(Macaque,(Orangutan,(Gorilla,(Chimp,Human))))))))))))))))));
15	100000	8	7.556539535522461	(Platypus,(Wallaby,((Rat,Mouse),(Tenrec,(Shrew,(Hedgehog,((Pika,Rabbit),((Elephant,Hyrax),((Armadillo,Sloth),(((Alpaca,(Pig,(Cow,Dolphin))),((Horse,(Dog,Cat)),(Microbat,Megabat))),(Squirrel,(Bushbaby,(Tarsier,(Marmoset,(Macaque,(Orangutan,(Gorilla,(Chimp,Human))))))))))))))))));
16	100	8	4.493891954421997	((Wallaby,Hedgehog),(Platypus,((Shrew,(Pika,Rabbit)),(Tenrec,((Rat,Mouse),(((Cow,(Dolphin,Pig)),(Alpaca,(Megabat,(Microbat,(Horse,(Dog,Cat)))))),((Armadillo,Sloth),(Hyrax,((Tarsier,(Marmoset,(Macaque,(Orangutan,(Chimp,(Human,Gorilla)))))),(Elephant,(Squirrel,Bushbaby)))))))))));
16	250	8	4.461766958236694	(Wallaby,(Platypus,(Hedgehog,(Shrew,((Rat,Mouse),((Hyrax,Tenrec),((Pika,Rabbit),((Armadillo,Sloth),((((Cow,Dolphin),(Alpaca,Pig)),(Microbat,(Megabat,(Horse,(Dog,Cat))))),(Elephant,(Bushbaby,(Tarsier,(Squirrel,(Marmoset,(Macaque,(Orangutan,(Human,(Chimp,Gorilla))))))))))))))))));
16	500	8	4.444768190383911	((Tenrec,((Rat,Mouse),(Shrew,(Hedgehog,((Pika,Rabbit),((Elephant,Hyrax),((Armadillo,Sloth),(((Alpaca,(Cow,(Dolphin,Pig))),(Microbat,(Megabat,(Horse,(Dog,Cat))))),(Bushbaby,(Tarsier,(Squirrel,(Marmoset,(Macaque,(Orangutan,(Gorilla,(Chimp,Human)))))))))))))))),(Platypus,Wallaby));
16	750	8	4.393027067184448	(Wallaby,(Platypus,(Tenrec,((Rat,Mouse),(Shrew,(Hedgehog,((Pika,Rabbit),((Elephant,Hyrax),((Armadillo,Sloth),((Bushbaby,(Squirrel,(Tarsier,(Marmoset,(Macaque,(Orangutan,(Gorilla,(Chimp,Human)))))))),(Microbat,((Megabat,(Horse,(Dog,Cat))),(Alpaca,(Cow,(Dolphin,Pig)))))))))))))));
16	1000	8	4.439895391464233	(Wallaby,(Platypus,((Rat,Mouse),(Tenrec,(Shrew,(Hedgehog,((Pika,Rabbit),((Elephant,Hyrax),((Armadillo,Sloth),((Bushbaby,(Squirrel,(Tarsier,(Marmoset,(Macaque,(Orangutan,(Gorilla,(Chimp,Human)))))))),(Microbat,((Megabat,(Horse,(Dog,Cat))),(Alpaca,(Cow,(Dolphin,Pig)))))))))))))));
16	2500	8	4.271305561065674	(Platypus,(Wallaby,((Rat,Mouse),(Tenrec,(Shrew,(Hedgehog,((Pika,Rabbit),((Elephant,Hyrax),((Armadillo,Sloth),(((Alpaca,(Pig,(Cow,Dolphin))),(Microbat,((Dog,Cat),(Megabat,Horse)))),(Squirrel,(Bushbaby,(Tarsier,(Marmoset,(Macaque,(Orangutan,(Gorilla,(Chimp,Human))))))))))))))))));
16	5000	8	4.4932801723480225	(Platypus,(Wallaby,((Rat,Mouse),(Tenrec,(Shrew,(Hedgehog,((Pika,Rabbit),((Elephant,Hyrax),((Armadillo,Sloth),(((Alpaca,(Pig,(Cow,Dolphin))),(Microbat,((Dog,Cat),(Megabat,Horse)))),(Bushbaby,(Squirrel,(Tarsier,(Marmoset,(Macaque,(Orangutan,(Gorilla,(Chimp,Human))))))))))))))))));
16	7500	8	4.602348804473877	(Platypus,(Wallaby,((Rat,Mouse),(Tenrec,(Shrew,(Hedgehog,((Pika,Rabbit),((Elephant,Hyrax),((Armadillo,Sloth),(((Alpaca,(Pig,(Cow,Dolphin))),(Microbat,((Dog,Cat),(Megabat,Horse)))),(Squirrel,(Bushbaby,(Tarsier,(Marmoset,(Macaque,(Orangutan,(Gorilla,(Chimp,Human))))))))))))))))));
16	10000	8	4.680637359619141	(Platypus,(Wallaby,((Rat,Mouse),(Tenrec,(Shrew,(Hedgehog,((Pika,Rabbit),((Elephant,Hyrax),((Armadillo,Sloth),(((Alpaca,(Pig,(Cow,Dolphin))),(Microbat,((Dog,Cat),(Megabat,Horse)))),(Squirrel,(Bushbaby,(Tarsier,(Marmoset,(Macaque,(Orangutan,(Gorilla,(Chimp,Human))))))))))))))))));
16	25000	8	5.019838333129883	(Platypus,(Wallaby,((Rat,Mouse),(Tenrec,(Shrew,(Hedgehog,((Pika,Rabbit),((Elephant,Hyrax),((Armadillo,Sloth),(((Alpaca,(Pig,(Cow,Dolphin))),((Microbat,Megabat),(Horse,(Dog,Cat)))),(Squirrel,(Bushbaby,(Tarsier,(Marmoset,(Macaque,(Orangutan,(Gorilla,(Chimp,Human))))))))))))))))));
16	50000	8	5.696374893188477	(Platypus,(Wallaby,((Rat,Mouse),(Tenrec,(Shrew,(Hedgehog,((Pika,Rabbit),((Elephant,Hyrax),((Armadillo,Sloth),(((Alpaca,(Pig,(Cow,Dolphin))),((Microbat,Megabat),(Horse,(Dog,Cat)))),(Squirrel,(Bushbaby,(Tarsier,(Marmoset,(Macaque,(Orangutan,(Gorilla,(Chimp,Human))))))))))))))))));
16	75000	8	6.847574472427368	(Platypus,(Wallaby,((Rat,Mouse),(Tenrec,(Shrew,(Hedgehog,((Pika,Rabbit),((Elephant,Hyrax),((Armadillo,Sloth),(((Alpaca,(Pig,(Cow,Dolphin))),((Microbat,Megabat),(Horse,(Dog,Cat)))),(Squirrel,(Bushbaby,(Tarsier,(Marmoset,(Macaque,(Orangutan,(Gorilla,(Chimp,Human))))))))))))))))));
16	100000	8	7.806044578552246	(Platypus,(Wallaby,((Rat,Mouse),(Tenrec,(Shrew,(Hedgehog,((Pika,Rabbit),((Elephant,Hyrax),((Armadillo,Sloth),(((Alpaca,(Pig,(Cow,Dolphin))),((Horse,(Dog,Cat)),(Microbat,Megabat))),(Squirrel,(Bushbaby,(Tarsier,(Marmoset,(Macaque,(Orangutan,(Gorilla,(Chimp,Human))))))))))))))))));
17	100	8	4.471745014190674	(Platypus,(Wallaby,(Hedgehog,(Tenrec,(Shrew,((Rat,Mouse),((Pika,Rabbit),((Elephant,Hyrax),(Bushbaby,((Alpaca,(Cow,(Dolphin,Pig))),(Tarsier,(((Dog,Cat),(Megabat,(Microbat,Horse))),(Armadillo,(Squirrel,(Sloth,(Marmoset,(Macaque,(Orangutan,(Gorilla,(Chimp,Human))))))))))))))))))));
17	250	8	4.478341102600098	((Hedgehog,(Tenrec,((Pika,Rabbit),(Shrew,((Rat,Mouse),((Elephant,Hyrax),((Armadillo,Sloth),(((Alpaca,(Pig,(Cow,Dolphin))),((Microbat,Horse),(Megabat,(Dog,Cat)))),(Squirrel,(Tarsier,(Bushbaby,(Marmoset,(Macaque,(Orangutan,(Gorilla,(Chimp,Human)))))))))))))))),(Platypus,Wallaby));
17	500	8	4.328781366348267	((Tenrec,(Shrew,(Hedgehog,((Rat,Mouse),((Pika,Rabbit),((Elephant,Hyrax),((Armadillo,Sloth),(Squirrel,((Alpaca,(Pig,(Cow,Dolphin))),((Tarsier,(Horse,(Bushbaby,(Marmoset,(Macaque,(Orangutan,(Gorilla,(Chimp,Human)))))))),((Dog,Cat),(Microbat,Megabat)))))))))))),(Platypus,Wallaby));
17	750	8	4.427735805511475	(Platypus,(Wallaby,(Tenrec,(Shrew,((Rat,Mouse),(Hedgehog,((Pika,Rabbit),((Elephant,Hyrax),((Armadillo,Sloth),(Squirrel,((Tarsier,(Bushbaby,(Marmoset,(Macaque,(Orangutan,(Gorilla,(Chimp,Human))))))),((Alpaca,(Cow,(Dolphin,Pig))),(Microbat,(Megabat,(Horse,(Dog,Cat))))))))))))))));
17	1000	8	4.642756938934326	(Platypus,(Wallaby,(Pika,((Rat,Mouse),(Tenrec,(Hedgehog,(Shrew,((Elephant,Hyrax),((Armadillo,Sloth),(Rabbit,(Squirrel,((Bushbaby,(Tarsier,(Marmoset,(Macaque,(Orangutan,(Gorilla,(Chimp,Human))))))),((Alpaca,(Pig,(Cow,Dolphin))),((Horse,(Dog,Cat)),(Microbat,Megabat)))))))))))))));
17	2500	8	4.672106027603149	(Platypus,(Wallaby,(Tenrec,((Rat,Mouse),(Shrew,(Hedgehog,((Pika,Rabbit),((Elephant,Hyrax),((Armadillo,Sloth),(Squirrel,((Bushbaby,(Tarsier,(Marmoset,(Macaque,(Orangutan,(Gorilla,(Chimp,Human))))))),((Alpaca,(Pig,(Cow,Dolphin))),((Horse,(Dog,Cat)),(Microbat,Megabat))))))))))))));
17	5000	8	4.582099914550781	(Platypus,(Wallaby,(Tenrec,((Rat,Mouse),(Shrew,(Hedgehog,((Pika,Rabbit),((Elephant,Hyrax),((Armadillo,Sloth),(((Alpaca,(Pig,(Cow,Dolphin))),(Microbat,(Megabat,(Horse,(Dog,Cat))))),(Squirrel,(Bushbaby,(Tarsier,(Marmoset,(Macaque,(Orangutan,(Gorilla,(Chimp,Human))))))))))))))))));
17	7500	8	4.508077144622803	(Platypus,(Wallaby,((Rat,Mouse),(Tenrec,(Shrew,(Hedgehog,((Pika,Rabbit),((Elephant,Hyrax),((Armadillo,Sloth),(((Alpaca,(Pig,(Cow,Dolphin))),(Microbat,((Dog,Cat),(Megabat,Horse)))),(Squirrel,(Bushbaby,(Tarsier,(Marmoset,(Macaque,(Orangutan,(Gorilla,(Chimp,Human))))))))))))))))));
17	10000	8	4.642721176147461	(Platypus,(Wallaby,((Rat,Mouse),(Tenrec,(Shrew,(Hedgehog,((Pika,Rabbit),((Elephant,Hyrax),((Armadillo,Sloth),(((Alpaca,(Pig,(Cow,Dolphin))),((Horse,(Dog,Cat)),(Microbat,Megabat))),(Squirrel,(Bushbaby,(Tarsier,(Marmoset,(Macaque,(Orangutan,(Gorilla,(Chimp,Human))))))))))))))))));
17	25000	8	5.2407310009002686	(Platypus,(Wallaby,((Rat,Mouse),(Tenrec,(Shrew,(Hedgehog,((Pika,Rabbit),((Elephant,Hyrax),((Armadillo,Sloth),(((Alpaca,(Pig,(Cow,Dolphin))),((Horse,(Dog,Cat)),(Microbat,Megabat))),(Squirrel,(Bushbaby,(Tarsier,(Marmoset,(Macaque,(Orangutan,(Gorilla,(Chimp,Human))))))))))))))))));
17	50000	8	6.153024196624756	(Platypus,(Wallaby,((Rat,Mouse),(Tenrec,(Shrew,(Hedgehog,((Pika,Rabbit),((Elephant,Hyrax),((Armadillo,Sloth),(((Alpaca,(Pig,(Cow,Dolphin))),((Horse,(Dog,Cat)),(Microbat,Megabat))),(Squirrel,(Bushbaby,(Tarsier,(Marmoset,(Macaque,(Orangutan,(Gorilla,(Chimp,Human))))))))))))))))));
17	75000	8	7.238961696624756	(Platypus,(Wallaby,((Rat,Mouse),(Tenrec,(Shrew,(Hedgehog,((Pika,Rabbit),((Elephant,Hyrax),((Armadillo,Sloth),(((Alpaca,(Pig,(Cow,Dolphin))),((Microbat,Megabat),(Horse,(Dog,Cat)))),(Squirrel,(Bushbaby,(Tarsier,(Marmoset,(Macaque,(Orangutan,(Gorilla,(Chimp,Human))))))))))))))))));
17	100000	8	7.233076810836792	(Platypus,(Wallaby,((Rat,Mouse),(Tenrec,(Shrew,(Hedgehog,((Pika,Rabbit),((Elephant,Hyrax),((Armadillo,Sloth),(((Alpaca,(Pig,(Cow,Dolphin))),((Microbat,Megabat),(Horse,(Dog,Cat)))),(Squirrel,(Bushbaby,(Tarsier,(Marmoset,(Macaque,(Orangutan,(Gorilla,(Chimp,Human))))))))))))))))));
18	100	8	4.307050943374634	((Platypus,Wallaby),(Tenrec,(Pika,((Rat,Mouse),(Shrew,(Hedgehog,(Hyrax,(Bushbaby,(((Pig,(Cow,(Alpaca,Dolphin))),(Microbat,Megabat)),((Dog,Cat),((Sloth,(Elephant,(Armadillo,Squirrel))),(Rabbit,(Tarsier,(Horse,(Macaque,(Marmoset,(Orangutan,(Gorilla,(Chimp,Human)))))))))))))))))));
18	250	8	4.502177476882935	((Platypus,Wallaby),(Tenrec,(Pika,((Rat,Mouse),(Shrew,(Hedgehog,(((Tarsier,Bushbaby),((Squirrel,(Rabbit,(Marmoset,(Macaque,(Orangutan,(Gorilla,(Chimp,Human))))))),((Microbat,Megabat),((Dog,Cat),(Alpaca,((Cow,Dolphin),(Horse,Pig))))))),((Armadillo,Sloth),(Elephant,Hyrax)))))))));
18	500	8	4.492775917053223	(Platypus,(Wallaby,(Tenrec,((Rat,Mouse),(Shrew,((Pika,Rabbit),(Hedgehog,((Elephant,Hyrax),((Armadillo,Sloth),(Bushbaby,(((Pig,(Alpaca,(Cow,Dolphin))),((Dog,Cat),(Megabat,(Microbat,Horse)))),(Squirrel,(Tarsier,(Marmoset,(Macaque,(Orangutan,(Gorilla,(Chimp,Human))))))))))))))))));
18	750	8	4.559913635253906	(Platypus,(Wallaby,((Rat,Mouse),(Pika,(Tenrec,(Shrew,(Hedgehog,((Elephant,Hyrax),(Rabbit,((Armadillo,Sloth),(((Alpaca,(Pig,(Cow,Dolphin))),((Dog,Cat),(Microbat,(Megabat,Horse)))),(Bushbaby,(Squirrel,(Tarsier,(Marmoset,(Macaque,(Orangutan,(Gorilla,(Chimp,Human)))))))))))))))))));
18	1000	8	4.451488256454468	(Platypus,(Wallaby,((Rat,Mouse),(Pika,(Tenrec,(Shrew,(Hedgehog,((Elephant,Hyrax),((Armadillo,Sloth),(Rabbit,(((Cow,(Alpaca,(Dolphin,Pig))),((Dog,Cat),(Microbat,(Megabat,Horse)))),(Bushbaby,(Tarsier,(Squirrel,(Marmoset,(Macaque,(Orangutan,(Gorilla,(Chimp,Human)))))))))))))))))));
18	2500	8	4.438739538192749	(Platypus,(Wallaby,((Rat,Mouse),(Tenrec,(Shrew,(Hedgehog,((Pika,Rabbit),((Elephant,Hyrax),((Armadillo,Sloth),(((Alpaca,(Pig,(Cow,Dolphin))),((Microbat,Megabat),(Horse,(Dog,Cat)))),(Squirrel,(Bushbaby,(Tarsier,(Marmoset,(Macaque,(Orangutan,(Gorilla,(Chimp,Human))))))))))))))))));
18	5000	8	4.745427846908569	(Platypus,(Wallaby,((Rat,Mouse),(Tenrec,(Shrew,(Hedgehog,((Pika,Rabbit),((Elephant,Hyrax),((Armadillo,Sloth),(((Alpaca,(Pig,(Cow,Dolphin))),((Microbat,Megabat),(Horse,(Dog,Cat)))),(Squirrel,(Bushbaby,(Tarsier,(Marmoset,(Macaque,(Orangutan,(Gorilla,(Chimp,Human))))))))))))))))));
18	7500	8	4.72693395614624	(Platypus,(Wallaby,((Rat,Mouse),(Tenrec,(Shrew,(Hedgehog,((Pika,Rabbit),((Elephant,Hyrax),((Armadillo,Sloth),(((Alpaca,(Pig,(Cow,Dolphin))),((Dog,Cat),(Microbat,(Megabat,Horse)))),(Squirrel,(Bushbaby,(Tarsier,(Marmoset,(Macaque,(Orangutan,(Gorilla,(Chimp,Human))))))))))))))))));
18	10000	8	4.8844969272613525	(Platypus,(Wallaby,((Rat,Mouse),(Tenrec,(Shrew,(Hedgehog,((Pika,Rabbit),((Elephant,Hyrax),((Armadillo,Sloth),(((Alpaca,(Pig,(Cow,Dolphin))),((Dog,Cat),(Microbat,(Megabat,Horse)))),(Squirrel,(Bushbaby,(Tarsier,(Marmoset,(Macaque,(Orangutan,(Gorilla,(Chimp,Human))))))))))))))))));
18	25000	8	5.502027988433838	(Platypus,(Wallaby,((Rat,Mouse),(Tenrec,(Shrew,(Hedgehog,((Pika,Rabbit),((Elephant,Hyrax),((Armadillo,Sloth),(((Alpaca,(Pig,(Cow,Dolphin))),(Microbat,((Dog,Cat),(Megabat,Horse)))),(Squirrel,(Bushbaby,(Tarsier,(Marmoset,(Macaque,(Orangutan,(Gorilla,(Chimp,Human))))))))))))))))));
18	50000	8	6.14923620223999	(Platypus,(Wallaby,((Rat,Mouse),(Tenrec,(Shrew,(Hedgehog,((Pika,Rabbit),((Elephant,Hyrax),((Armadillo,Sloth),(((Alpaca,(Pig,(Cow,Dolphin))),(Microbat,((Dog,Cat),(Megabat,Horse)))),(Squirrel,(Bushbaby,(Tarsier,(Marmoset,(Macaque,(Orangutan,(Gorilla,(Chimp,Human))))))))))))))))));
18	75000	8	6.476955890655518	(Platypus,(Wallaby,((Rat,Mouse),(Tenrec,(Shrew,(Hedgehog,((Pika,Rabbit),((Elephant,Hyrax),((Armadillo,Sloth),(((Alpaca,(Pig,(Cow,Dolphin))),((Horse,(Dog,Cat)),(Microbat,Megabat))),(Squirrel,(Bushbaby,(Tarsier,(Marmoset,(Macaque,(Orangutan,(Gorilla,(Chimp,Human))))))))))))))))));
18	100000	8	7.188019514083862	(Platypus,(Wallaby,((Rat,Mouse),(Tenrec,(Shrew,(Hedgehog,((Pika,Rabbit),((Elephant,Hyrax),((Armadillo,Sloth),(((Alpaca,(Pig,(Cow,Dolphin))),((Horse,(Dog,Cat)),(Microbat,Megabat))),(Squirrel,(Bushbaby,(Tarsier,(Marmoset,(Macaque,(Orangutan,(Gorilla,(Chimp,Human))))))))))))))))));
19	100	8	4.483212947845459	(Wallaby,(Platypus,(Hedgehog,(Shrew,((Pika,Rabbit),((Rat,Mouse),(Tenrec,(((Squirrel,Dog),((Microbat,Megabat),((Horse,((Alpaca,Pig),(Cow,Dolphin))),((Elephant,(Tarsier,Bushbaby)),(Cat,(Marmoset,(Macaque,(Orangutan,(Gorilla,(Chimp,Human)))))))))),(Hyrax,(Armadillo,Sloth))))))))));
19	250	8	4.2962260246276855	((Hedgehog,((Rat,Mouse),(Shrew,(Tenrec,((Pika,Rabbit),((Microbat,((Alpaca,(Cow,(Dolphin,Pig))),((Horse,(Megabat,(Dog,Cat))),((Marmoset,(Macaque,(Orangutan,(Gorilla,(Chimp,Human))))),(Squirrel,(Tarsier,Bushbaby)))))),((Armadillo,Sloth),(Elephant,Hyrax)))))))),(Platypus,Wallaby));
19	500	8	4.342597246170044	((Hedgehog,((Rat,Mouse),(Shrew,(Tenrec,((Pika,Rabbit),(((Squirrel,((Marmoset,(Macaque,(Orangutan,(Gorilla,(Chimp,Human))))),(Tarsier,Bushbaby))),(Microbat,((Alpaca,(Cow,(Dolphin,Pig))),((Dog,Cat),(Megabat,Horse))))),((Armadillo,Sloth),(Elephant,Hyrax)))))))),(Platypus,Wallaby));
19	750	8	4.277270555496216	((Hedgehog,((Rat,Mouse),(Shrew,(Tenrec,((Pika,Rabbit),(((Squirrel,(Bushbaby,(Tarsier,(Marmoset,(Macaque,(Orangutan,(Gorilla,(Chimp,Human)))))))),((Microbat,Megabat),((Dog,Cat),(Cow,(Alpaca,(Horse,(Dolphin,Pig))))))),((Elephant,Hyrax),(Armadillo,Sloth)))))))),(Platypus,Wallaby));
19	1000	8	4.3547587394714355	(((Rat,Mouse),(Hedgehog,(Tenrec,(Shrew,((Pika,Rabbit),((Elephant,Hyrax),((Armadillo,Sloth),((Squirrel,(Bushbaby,(Tarsier,(Marmoset,(Macaque,(Orangutan,(Gorilla,(Chimp,Human)))))))),((Microbat,Megabat),((Dog,Cat),(Cow,(Alpaca,(Horse,(Dolphin,Pig)))))))))))))),(Platypus,Wallaby));
19	2500	8	4.443521022796631	(Platypus,(Wallaby,((Rat,Mouse),(Tenrec,(Hedgehog,(Shrew,((Pika,Rabbit),((Elephant,Hyrax),((Armadillo,Sloth),(((Alpaca,(Pig,(Cow,Dolphin))),((Horse,(Dog,Cat)),(Microbat,Megabat))),(Squirrel,(Bushbaby,(Tarsier,(Marmoset,(Macaque,(Orangutan,(Gorilla,(Chimp,Human))))))))))))))))));
19	5000	8	4.53224515914917	(Platypus,(Wallaby,((Rat,Mouse),(Tenrec,(Shrew,(Hedgehog,((Pika,Rabbit),((Elephant,Hyrax),((Armadillo,Sloth),(((Alpaca,(Pig,(Cow,Dolphin))),((Horse,(Dog,Cat)),(Microbat,Megabat))),(Squirrel,(Bushbaby,(Tarsier,(Marmoset,(Macaque,(Orangutan,(Gorilla,(Chimp,Human))))))))))))))))));
19	7500	8	4.6904284954071045	(Platypus,(Wallaby,((Rat,Mouse),(Tenrec,(Shrew,(Hedgehog,((Pika,Rabbit),((Elephant,Hyrax),((Armadillo,Sloth),(((Alpaca,(Pig,(Cow,Dolphin))),((Microbat,Megabat),(Horse,(Dog,Cat)))),(Squirrel,(Bushbaby,(Tarsier,(Marmoset,(Macaque,(Orangutan,(Gorilla,(Chimp,Human))))))))))))))))));
19	10000	8	5.4336042404174805	(Platypus,(Wallaby,((Rat,Mouse),(Tenrec,(Shrew,(Hedgehog,((Pika,Rabbit),((Elephant,Hyrax),((Armadillo,Sloth),(((Alpaca,(Pig,(Cow,Dolphin))),((Microbat,Megabat),(Horse,(Dog,Cat)))),(Squirrel,(Bushbaby,(Tarsier,(Marmoset,(Macaque,(Orangutan,(Gorilla,(Chimp,Human))))))))))))))))));
19	25000	8	5.360120534896851	(Platypus,(Wallaby,((Rat,Mouse),(Tenrec,(Shrew,(Hedgehog,((Pika,Rabbit),((Elephant,Hyrax),((Armadillo,Sloth),(((Alpaca,(Pig,(Cow,Dolphin))),((Microbat,Megabat),(Horse,(Dog,Cat)))),(Squirrel,(Bushbaby,(Tarsier,(Marmoset,(Macaque,(Orangutan,(Gorilla,(Chimp,Human))))))))))))))))));
19	50000	8	5.782797336578369	(Platypus,(Wallaby,((Rat,Mouse),(Tenrec,(Shrew,(Hedgehog,((Pika,Rabbit),((Elephant,Hyrax),((Armadillo,Sloth),(((Alpaca,(Pig,(Cow,Dolphin))),(Microbat,((Dog,Cat),(Megabat,Horse)))),(Squirrel,(Bushbaby,(Tarsier,(Marmoset,(Macaque,(Orangutan,(Gorilla,(Chimp,Human))))))))))))))))));
19	75000	8	6.516418933868408	(Platypus,(Wallaby,((Rat,Mouse),(Tenrec,(Shrew,(Hedgehog,((Pika,Rabbit),((Elephant,Hyrax),((Armadillo,Sloth),(((Alpaca,(Pig,(Cow,Dolphin))),(Microbat,((Dog,Cat),(Megabat,Horse)))),(Squirrel,(Bushbaby,(Tarsier,(Marmoset,(Macaque,(Orangutan,(Gorilla,(Chimp,Human))))))))))))))))));
19	100000	8	7.3305933475494385	(Platypus,(Wallaby,((Rat,Mouse),(Tenrec,(Shrew,(Hedgehog,((Pika,Rabbit),((Elephant,Hyrax),((Armadillo,Sloth),(((Alpaca,(Pig,(Cow,Dolphin))),((Horse,(Dog,Cat)),(Microbat,Megabat))),(Squirrel,(Bushbaby,(Tarsier,(Marmoset,(Macaque,(Orangutan,(Gorilla,(Chimp,Human))))))))))))))))));
20	100	8	4.428686141967773	((Platypus,Wallaby),((Hyrax,Tenrec),((Rat,Mouse),(Shrew,(Hedgehog,((Pika,Rabbit),((Armadillo,Sloth),(Elephant,(Tarsier,((((Cow,Dolphin),(Pig,(Dog,Cat))),(Alpaca,(Megabat,Horse))),(Microbat,(Squirrel,(Bushbaby,(Marmoset,(Macaque,(Orangutan,(Gorilla,(Chimp,Human))))))))))))))))));
20	250	8	4.334704399108887	((Tenrec,((Rat,Mouse),((Elephant,Hyrax),(((Pika,Rabbit),((Squirrel,(Armadillo,Sloth)),((Alpaca,(Pig,(Cow,Dolphin))),(Microbat,((Megabat,Horse),(Tarsier,((Dog,Cat),(Bushbaby,(Marmoset,(Macaque,(Orangutan,(Gorilla,(Chimp,Human))))))))))))),(Hedgehog,Shrew))))),(Platypus,Wallaby));
20	500	8	4.309459209442139	((Tenrec,((Rat,Mouse),(((Elephant,Hyrax),((Pika,Rabbit),((Microbat,((Alpaca,(((Dog,Cat),(Megabat,Horse)),(Pig,(Cow,Dolphin)))),(Tarsier,(Bushbaby,(Marmoset,(Macaque,(Orangutan,(Gorilla,(Chimp,Human))))))))),(Squirrel,(Armadillo,Sloth))))),(Hedgehog,Shrew)))),(Platypus,Wallaby));
20	750	8	4.282939910888672	((Tenrec,((Rat,Mouse),(Hedgehog,(Shrew,((Pika,Rabbit),((Elephant,Hyrax),(((Tarsier,(Bushbaby,(Marmoset,(Macaque,(Orangutan,(Gorilla,(Chimp,Human))))))),(Microbat,((Megabat,(Horse,(Dog,Cat))),((Cow,Dolphin),(Alpaca,Pig))))),(Squirrel,(Armadillo,Sloth))))))))),(Platypus,Wallaby));
20	1000	8	4.337608575820923	((Tenrec,((Rat,Mouse),(Hedgehog,(Shrew,((Pika,Rabbit),((Elephant,Hyrax),((Armadillo,Sloth),(Squirrel,((Tarsier,(Bushbaby,(Marmoset,(Macaque,(Orangutan,(Gorilla,(Chimp,Human))))))),(((Cow,Dolphin),(Alpaca,Pig)),(Microbat,(Megabat,(Horse,(Dog,Cat)))))))))))))),(Platypus,Wallaby));
20	2500	8	4.430898666381836	(Platypus,(Wallaby,((Rat,Mouse),(Tenrec,(Shrew,(Hedgehog,((Pika,Rabbit),((Elephant,Hyrax),((Armadillo,Sloth),(Squirrel,(((Pig,(Alpaca,(Cow,Dolphin))),(Microbat,((Marmoset,(Macaque,(Orangutan,(Gorilla,(Chimp,Human))))),(Megabat,(Horse,(Dog,Cat)))))),(Tarsier,Bushbaby))))))))))));
20	5000	8	4.736349105834961	(Platypus,(Wallaby,((Rat,Mouse),(Tenrec,(Shrew,(Hedgehog,((Pika,Rabbit),((Elephant,Hyrax),((Armadillo,Sloth),(((Alpaca,(Pig,(Cow,Dolphin))),(Microbat,(Megabat,(Horse,(Dog,Cat))))),(Squirrel,(Tarsier,(Bushbaby,(Marmoset,(Macaque,(Orangutan,(Gorilla,(Chimp,Human))))))))))))))))));
20	7500	8	5.407204627990723	(Platypus,(Wallaby,((Rat,Mouse),(Tenrec,(Shrew,(Hedgehog,((Pika,Rabbit),((Elephant,Hyrax),((Armadillo,Sloth),(((Alpaca,(Pig,(Cow,Dolphin))),((Horse,(Dog,Cat)),(Microbat,Megabat))),(Squirrel,(Tarsier,(Bushbaby,(Marmoset,(Macaque,(Orangutan,(Gorilla,(Chimp,Human))))))))))))))))));
20	10000	8	4.80083703994751	(Platypus,(Wallaby,((Rat,Mouse),(Tenrec,(Shrew,(Hedgehog,((Pika,Rabbit),((Elephant,Hyrax),((Armadillo,Sloth),(((Alpaca,(Pig,(Cow,Dolphin))),((Horse,(Dog,Cat)),(Microbat,Megabat))),(Squirrel,(Bushbaby,(Tarsier,(Marmoset,(Macaque,(Orangutan,(Gorilla,(Chimp,Human))))))))))))))))));
20	25000	8	5.455485582351685	(Platypus,(Wallaby,((Rat,Mouse),(Tenrec,(Shrew,(Hedgehog,((Pika,Rabbit),((Elephant,Hyrax),((Armadillo,Sloth),(((Alpaca,(Pig,(Cow,Dolphin))),((Horse,(Dog,Cat)),(Microbat,Megabat))),(Squirrel,(Bushbaby,(Tarsier,(Marmoset,(Macaque,(Orangutan,(Gorilla,(Chimp,Human))))))))))))))))));
20	50000	8	6.0050578117370605	(Platypus,(Wallaby,((Rat,Mouse),(Tenrec,(Shrew,(Hedgehog,((Pika,Rabbit),((Elephant,Hyrax),((Armadillo,Sloth),(((Alpaca,(Pig,(Cow,Dolphin))),((Horse,(Dog,Cat)),(Microbat,Megabat))),(Squirrel,(Bushbaby,(Tarsier,(Marmoset,(Macaque,(Orangutan,(Gorilla,(Chimp,Human))))))))))))))))));
20	75000	8	6.727431297302246	(Platypus,(Wallaby,((Rat,Mouse),(Tenrec,(Shrew,(Hedgehog,((Pika,Rabbit),((Elephant,Hyrax),((Armadillo,Sloth),(((Alpaca,(Pig,(Cow,Dolphin))),((Horse,(Dog,Cat)),(Microbat,Megabat))),(Squirrel,(Bushbaby,(Tarsier,(Marmoset,(Macaque,(Orangutan,(Gorilla,(Chimp,Human))))))))))))))))));
20	100000	8	7.562861442565918	(Platypus,(Wallaby,((Rat,Mouse),(Tenrec,(Shrew,(Hedgehog,((Pika,Rabbit),((Elephant,Hyrax),((Armadillo,Sloth),(((Alpaca,(Pig,(Cow,Dolphin))),((Horse,(Dog,Cat)),(Microbat,Megabat))),(Squirrel,(Bushbaby,(Tarsier,(Marmoset,(Macaque,(Orangutan,(Gorilla,(Chimp,Human))))))))))))))))));
